batch,time_point,replicate,DSB,repeat,allele,combo,Counts,Uncuttable_Counts,Percent_of_Uncuttable
6,0,1,DSB1,INTACT,CHRIII_L02,A_to_B,51283,23997,213.70587990165438
6,0,1,DSB1,INTACT,CHRIII_L03,A_to_B,38174,23997,159.07821811059716
6,0,1,DSB1,INTACT,CHRIII_L04,A_to_B,228463,23997,952.0481726882527
6,0,1,DSB1,INTACT,CHRIV_L01,A_to_B,49541,23997,206.44663916322872
6,0,1,DSB1,INTACT,CHRIV_L03,A_to_B,32857,23997,136.92128182689504
6,0,1,DSB1,INTACT,CHRIV_L06_2,A_to_B,54088,23997,225.39484102179438
6,0,1,DSB1,INTACT,CHRIV_L10_2,A_to_B,39551,23997,164.8164353877568
6,0,1,DSB1,INTACT,CHRIV_L12_2,A_to_B,44777,23997,186.59415760303372
6,0,1,DSB1,INTACT,CHRIV_L13,A_to_B,29708,23997,123.79880818435637
6,0,1,DSB1,INTACT,CHRIV_L15_2,A_to_B,51410,23997,214.23511272242362
6,0,1,DSB1,INTACT,CHRVII_990K,A_to_B,55756,23997,232.34570988040173
6,0,1,DSB1,INTACT,CHRVII_L03,A_to_B,25406,23997,105.87156727924324
6,0,1,DSB1,INTACT,CHRVII_L06,A_to_B,37751,23997,157.31549777055466
6,0,1,DSB1,INTACT,CHRVII_L09,A_to_B,47770,23997,199.06654998541484
6,0,1,DSB1,INTACT,CHRXII_L01,A_to_B,36766,23997,153.21081801891904
6,0,1,DSB1,INTACT,CHRXII_L05,A_to_B,115878,23997,482.88536067008374
6,0,1,DSB1,INTACT,CHRXII_L07,A_to_B,37186,23997,154.9610367962662
6,0,1,DSB1,INTACT,CHRXII_L12,A_to_B,43616,23997,181.75605283993832
6,0,1,DSB1,INTACT,CHRXV_L01,A_to_B,51209,23997,213.39750802183607
6,0,1,DSB1,INTACT,CHRXV_L04,A_to_B,58,23997,0.24169687877651372
6,0,1,DSB1,INTACT,CHRXV_L15,A_to_B,39981,23997,166.6083260407551
6,0,1,DSB1,INTACT,CHRXV_L17_2,A_to_B,50534,23997,210.58465641538527
6,0,1,DSB1,INTACT,CHRXV_L18_1PERCENT_CONTROL,A_to_B,7649,23997,31.874817685544027
6,0,1,DSB1,INTACT,COMMON,A_to_B,170,23997,0.708421886069092
6,0,1,DSB1,INTACT,NO_CUT,A_to_B,23997,23997,100
6,0,1,DSB1,SSA,CHRIII_L02,A_to_B,1267,15119,8.38018387459488
6,0,1,DSB1,SSA,CHRIII_L03,A_to_B,877,15119,5.800648191017925
6,0,1,DSB1,SSA,CHRIII_L04,A_to_B,5996,15119,39.65870758648059
6,0,1,DSB1,SSA,CHRIV_L01,A_to_B,1356,15119,8.968847145975262
6,0,1,DSB1,SSA,CHRIV_L03,A_to_B,768,15119,5.0797010384284675
6,0,1,DSB1,SSA,CHRIV_L06_2,A_to_B,1373,15119,9.081288445002976
6,0,1,DSB1,SSA,CHRIV_L10_2,A_to_B,1053,15119,6.964746345657781
6,0,1,DSB1,SSA,CHRIV_L12_2,A_to_B,1127,15119,7.454196706131358
6,0,1,DSB1,SSA,CHRIV_L13,A_to_B,730,15119,4.828361664131226
6,0,1,DSB1,SSA,CHRIV_L15_2,A_to_B,1259,15119,8.32727032211125
6,0,1,DSB1,SSA,CHRVII_990K,A_to_B,1365,15119,9.028374892519347
6,0,1,DSB1,SSA,CHRVII_L03,A_to_B,682,15119,4.5108803492294465
6,0,1,DSB1,SSA,CHRVII_L06,A_to_B,960,15119,6.349626298035584
6,0,1,DSB1,SSA,CHRVII_L09,A_to_B,1171,15119,7.745221244791322
6,0,1,DSB1,SSA,CHRXII_L01,A_to_B,874,15119,5.780805608836563
6,0,1,DSB1,SSA,CHRXII_L05,A_to_B,2963,15119,19.597857001124414
6,0,1,DSB1,SSA,CHRXII_L07,A_to_B,926,15119,6.124743699980157
6,0,1,DSB1,SSA,CHRXII_L12,A_to_B,1071,15119,7.0838018387459485
6,0,1,DSB1,SSA,CHRXV_L01,A_to_B,1248,15119,8.25451418744626
6,0,1,DSB1,SSA,CHRXV_L04,A_to_B,3,15119,0.0198425821813612
6,0,1,DSB1,SSA,CHRXV_L15,A_to_B,974,15119,6.442225014881936
6,0,1,DSB1,SSA,CHRXV_L17_2,A_to_B,1213,15119,8.02301739533038
6,0,1,DSB1,SSA,CHRXV_L18_1PERCENT_CONTROL,A_to_B,187,15119,1.2368542893048482
6,0,1,DSB1,SSA,COMMON,A_to_B,8,15119,0.05291355248362987
6,0,1,DSB1,SSA,NO_CUT,A_to_B,15119,15119,100
6,0,1,DSB2,INTACT,CHRIII_L02,C_to_D,213,21258,1.0019757267852103
6,0,1,DSB2,INTACT,CHRIII_L03,C_to_D,96,21258,0.4515946937623483
6,0,1,DSB2,INTACT,CHRIII_L04,C_to_D,348,21258,1.6370307648885125
6,0,1,DSB2,INTACT,CHRIV_L01,C_to_D,61,21258,0.28695079499482545
6,0,1,DSB2,INTACT,CHRIV_L03,C_to_D,407,21258,1.9145733370966225
6,0,1,DSB2,INTACT,CHRIV_L06_2,C_to_D,34,21258,0.15993978737416503
6,0,1,DSB2,INTACT,CHRIV_L10_2,C_to_D,184,21258,0.8655564963778343
6,0,1,DSB2,INTACT,CHRIV_L12_2,C_to_D,186,21258,0.8749647191645498
6,0,1,DSB2,INTACT,CHRIV_L13,C_to_D,73,21258,0.343400131715119
6,0,1,DSB2,INTACT,CHRIV_L15_2,C_to_D,295,21258,1.3877128610405494
6,0,1,DSB2,INTACT,CHRVII_990K,C_to_D,48,21258,0.22579734688117414
6,0,1,DSB2,INTACT,CHRVII_L03,C_to_D,764,21258,3.593941104525355
6,0,1,DSB2,INTACT,CHRVII_L06,C_to_D,19,21258,0.0893781164737981
6,0,1,DSB2,INTACT,CHRVII_L09,C_to_D,230,21258,1.0819456204722928
6,0,1,DSB2,INTACT,CHRXII_L01,C_to_D,1201,21258,5.649637783422712
6,0,1,DSB2,INTACT,CHRXII_L05,C_to_D,47,21258,0.22109323548781634
6,0,1,DSB2,INTACT,CHRXII_L07,C_to_D,121,21258,0.5691974785962931
6,0,1,DSB2,INTACT,CHRXII_L12,C_to_D,119,21258,0.5597892558095776
6,0,1,DSB2,INTACT,CHRXV_L01,C_to_D,67,21258,0.31517546335497226
6,0,1,DSB2,INTACT,CHRXV_L04,C_to_D,113,21258,0.5315645874494308
6,0,1,DSB2,INTACT,CHRXV_L15,C_to_D,234,21258,1.100762066045724
6,0,1,DSB2,INTACT,CHRXV_L17_2,C_to_D,43,21258,0.20227678991438516
6,0,1,DSB2,INTACT,CHRXV_L18_1PERCENT_CONTROL,C_to_D,33,21258,0.15523567598080723
6,0,1,DSB2,INTACT,COMMON,C_to_D,1715641,21258,8070.56637501176
6,0,1,DSB2,INTACT,NO_CUT,C_to_D,21258,21258,100
6,0,1,DSB2,SSA,CHRIII_L02,C_to_D,5,10877,0.04596855750666544
6,0,1,DSB2,SSA,CHRIII_L04,C_to_D,3,10877,0.027581134503999266
6,0,1,DSB2,SSA,CHRIV_L03,C_to_D,3,10877,0.027581134503999266
6,0,1,DSB2,SSA,CHRIV_L10_2,C_to_D,2,10877,0.018387423002666176
6,0,1,DSB2,SSA,CHRIV_L12_2,C_to_D,2,10877,0.018387423002666176
6,0,1,DSB2,SSA,CHRIV_L15_2,C_to_D,7,10877,0.06435598050933161
6,0,1,DSB2,SSA,CHRVII_990K,C_to_D,2,10877,0.018387423002666176
6,0,1,DSB2,SSA,CHRVII_L03,C_to_D,7,10877,0.06435598050933161
6,0,1,DSB2,SSA,CHRVII_L06,C_to_D,1,10877,0.009193711501333088
6,0,1,DSB2,SSA,CHRVII_L09,C_to_D,6,10877,0.05516226900799853
6,0,1,DSB2,SSA,CHRXII_L01,C_to_D,11,10877,0.10113082651466397
6,0,1,DSB2,SSA,CHRXII_L07,C_to_D,1,10877,0.009193711501333088
6,0,1,DSB2,SSA,CHRXII_L12,C_to_D,1,10877,0.009193711501333088
6,0,1,DSB2,SSA,CHRXV_L04,C_to_D,2,10877,0.018387423002666176
6,0,1,DSB2,SSA,CHRXV_L15,C_to_D,2,10877,0.018387423002666176
6,0,1,DSB2,SSA,COMMON,C_to_D,24871,10877,228.65679874965522
6,0,1,DSB2,SSA,NO_CUT,C_to_D,10877,10877,100
6,0,1,TRANS,INTACT,CHRIII_L02,A_to_D,124,524,23.66412213740458
6,0,1,TRANS,INTACT,CHRIII_L02,C_to_B,3,524,0.5725190839694656
6,0,1,TRANS,INTACT,CHRIII_L03,A_to_D,35,524,6.679389312977099
6,0,1,TRANS,INTACT,CHRIII_L04,A_to_D,512,524,97.70992366412214
6,0,1,TRANS,INTACT,CHRIV_L01,A_to_D,152,524,29.00763358778626
6,0,1,TRANS,INTACT,CHRIV_L03,A_to_D,161,524,30.72519083969466
6,0,1,TRANS,INTACT,CHRIV_L03,C_to_B,1,524,0.19083969465648856
6,0,1,TRANS,INTACT,CHRIV_L06_2,A_to_D,105,524,20.0381679389313
6,0,1,TRANS,INTACT,CHRIV_L10_2,A_to_D,199,524,37.97709923664122
6,0,1,TRANS,INTACT,CHRIV_L12_2,A_to_D,157,524,29.9618320610687
6,0,1,TRANS,INTACT,CHRIV_L12_2,C_to_B,1,524,0.19083969465648856
6,0,1,TRANS,INTACT,CHRIV_L13,A_to_D,96,524,18.3206106870229
6,0,1,TRANS,INTACT,CHRIV_L15_2,A_to_D,175,524,33.396946564885496
6,0,1,TRANS,INTACT,CHRIV_L15_2,C_to_B,8,524,1.5267175572519085
6,0,1,TRANS,INTACT,CHRVII_990K,A_to_D,88,524,16.793893129770993
6,0,1,TRANS,INTACT,CHRVII_L03,A_to_D,96,524,18.3206106870229
6,0,1,TRANS,INTACT,CHRVII_L06,A_to_D,211,524,40.267175572519086
6,0,1,TRANS,INTACT,CHRVII_L09,A_to_D,138,524,26.33587786259542
6,0,1,TRANS,INTACT,CHRXII_L01,A_to_D,69,524,13.16793893129771
6,0,1,TRANS,INTACT,CHRXII_L01,C_to_B,1,524,0.19083969465648856
6,0,1,TRANS,INTACT,CHRXII_L05,A_to_D,188,524,35.87786259541985
6,0,1,TRANS,INTACT,CHRXII_L07,A_to_D,193,524,36.83206106870229
6,0,1,TRANS,INTACT,CHRXII_L12,A_to_D,184,524,35.11450381679389
6,0,1,TRANS,INTACT,CHRXV_L01,A_to_D,170,524,32.44274809160305
6,0,1,TRANS,INTACT,CHRXV_L15,A_to_D,99,524,18.893129770992367
6,0,1,TRANS,INTACT,CHRXV_L17_2,A_to_D,245,524,46.7557251908397
6,0,1,TRANS,INTACT,CHRXV_L18_1PERCENT_CONTROL,A_to_D,31,524,5.916030534351145
6,0,1,TRANS,INTACT,COMMON,A_to_D,2,524,0.3816793893129771
6,0,1,TRANS,INTACT,COMMON,C_to_B,2045,524,390.2671755725191
6,0,1,TRANS,INTACT,NO_CUT,A_to_D,418,524,79.77099236641222
6,0,1,TRANS,INTACT,NO_CUT,C_to_B,106,524,20.229007633587788
6,0,1,TRANS,SSA,CHRIII_L02,A_to_D,14,140,10
6,0,1,TRANS,SSA,CHRIII_L03,A_to_D,3,140,2.142857142857143
6,0,1,TRANS,SSA,CHRIII_L04,A_to_D,69,140,49.285714285714285
6,0,1,TRANS,SSA,CHRIV_L01,A_to_D,31,140,22.142857142857142
6,0,1,TRANS,SSA,CHRIV_L03,A_to_D,34,140,24.285714285714285
6,0,1,TRANS,SSA,CHRIV_L06_2,A_to_D,18,140,12.857142857142858
6,0,1,TRANS,SSA,CHRIV_L10_2,A_to_D,50,140,35.714285714285715
6,0,1,TRANS,SSA,CHRIV_L12_2,A_to_D,32,140,22.857142857142858
6,0,1,TRANS,SSA,CHRIV_L13,A_to_D,20,140,14.285714285714286
6,0,1,TRANS,SSA,CHRIV_L15_2,A_to_D,22,140,15.714285714285714
6,0,1,TRANS,SSA,CHRVII_990K,A_to_D,19,140,13.571428571428571
6,0,1,TRANS,SSA,CHRVII_L03,A_to_D,17,140,12.142857142857142
6,0,1,TRANS,SSA,CHRVII_L06,A_to_D,44,140,31.428571428571427
6,0,1,TRANS,SSA,CHRVII_L09,A_to_D,22,140,15.714285714285714
6,0,1,TRANS,SSA,CHRXII_L01,A_to_D,17,140,12.142857142857142
6,0,1,TRANS,SSA,CHRXII_L05,A_to_D,18,140,12.857142857142858
6,0,1,TRANS,SSA,CHRXII_L07,A_to_D,33,140,23.571428571428573
6,0,1,TRANS,SSA,CHRXII_L12,A_to_D,36,140,25.714285714285715
6,0,1,TRANS,SSA,CHRXV_L01,A_to_D,29,140,20.714285714285715
6,0,1,TRANS,SSA,CHRXV_L15,A_to_D,16,140,11.428571428571429
6,0,1,TRANS,SSA,CHRXV_L17_2,A_to_D,65,140,46.42857142857143
6,0,1,TRANS,SSA,CHRXV_L18_1PERCENT_CONTROL,A_to_D,9,140,6.428571428571429
6,0,1,TRANS,SSA,COMMON,C_to_B,676,140,482.85714285714283
6,0,1,TRANS,SSA,NO_CUT,A_to_D,122,140,87.14285714285714
6,0,1,TRANS,SSA,NO_CUT,C_to_B,18,140,12.857142857142858
6,180,1,DSB1,INTACT,CHRIII_L02,A_to_B,6826,22097,30.891071186133864
6,180,1,DSB1,INTACT,CHRIII_L03,A_to_B,18356,22097,83.070100013576507
6,180,1,DSB1,INTACT,CHRIII_L04,A_to_B,127393,22097,576.5171742770511
6,180,1,DSB1,INTACT,CHRIV_L01,A_to_B,17754,22097,80.3457482916233
6,180,1,DSB1,INTACT,CHRIV_L03,A_to_B,5337,22097,24.152599900438975
6,180,1,DSB1,INTACT,CHRIV_L06_2,A_to_B,22259,22097,100.73313119427976
6,180,1,DSB1,INTACT,CHRIV_L10_2,A_to_B,14797,22097,66.96384124541792
6,180,1,DSB1,INTACT,CHRIV_L12_2,A_to_B,22924,22097,103.74258949178622
6,180,1,DSB1,INTACT,CHRIV_L13,A_to_B,13246,22097,59.94478888536906
6,180,1,DSB1,INTACT,CHRIV_L15_2,A_to_B,24287,22097,109.91084762637462
6,180,1,DSB1,INTACT,CHRVII_990K,A_to_B,25634,22097,116.0066977417749
6,180,1,DSB1,INTACT,CHRVII_L03,A_to_B,10929,22097,49.45920260668869
6,180,1,DSB1,INTACT,CHRVII_L06,A_to_B,17537,22097,79.36371453138435
6,180,1,DSB1,INTACT,CHRVII_L09,A_to_B,7633,22097,34.54315065393492
6,180,1,DSB1,INTACT,CHRXII_L01,A_to_B,15705,22097,71.07299633434403
6,180,1,DSB1,INTACT,CHRXII_L05,A_to_B,50405,22097,228.1078879485903
6,180,1,DSB1,INTACT,CHRXII_L07,A_to_B,16565,22097,74.96492736570575
6,180,1,DSB1,INTACT,CHRXII_L12,A_to_B,8006,22097,36.23116260125809
6,180,1,DSB1,INTACT,CHRXV_L01,A_to_B,22259,22097,100.73313119427976
6,180,1,DSB1,INTACT,CHRXV_L04,A_to_B,25,22097,0.11313752998144544
6,180,1,DSB1,INTACT,CHRXV_L15,A_to_B,6156,22097,27.858985382631126
6,180,1,DSB1,INTACT,CHRXV_L17_2,A_to_B,24203,22097,109.53070552563696
6,180,1,DSB1,INTACT,CHRXV_L18_1PERCENT_CONTROL,A_to_B,3927,22097,17.77164320948545
6,180,1,DSB1,INTACT,COMMON,A_to_B,54,22097,0.24437706475992216
6,180,1,DSB1,INTACT,NO_CUT,A_to_B,22097,22097,100
6,180,1,DSB1,SSA,CHRIII_L02,A_to_B,16081,91176,17.637316837764324
6,180,1,DSB1,SSA,CHRIII_L03,A_to_B,38422,91176,42.14047556374484
6,180,1,DSB1,SSA,CHRIII_L04,A_to_B,162267,91176,177.97117662542774
6,180,1,DSB1,SSA,CHRIV_L01,A_to_B,40327,91176,44.22984118627709
6,180,1,DSB1,SSA,CHRIV_L03,A_to_B,10209,91176,11.19702553303501
6,180,1,DSB1,SSA,CHRIV_L06_2,A_to_B,48033,91176,52.68162674387997
6,180,1,DSB1,SSA,CHRIV_L10_2,A_to_B,37406,91176,41.02614723172765
6,180,1,DSB1,SSA,CHRIV_L12_2,A_to_B,54081,91176,59.314951302974464
6,180,1,DSB1,SSA,CHRIV_L13,A_to_B,28193,91176,30.921514433622882
6,180,1,DSB1,SSA,CHRIV_L15_2,A_to_B,57327,91176,62.87509871018689
6,180,1,DSB1,SSA,CHRVII_990K,A_to_B,58542,91176,64.20768623321926
6,180,1,DSB1,SSA,CHRVII_L03,A_to_B,23343,91176,25.60213214003685
6,180,1,DSB1,SSA,CHRVII_L06,A_to_B,36659,91176,40.20685268052996
6,180,1,DSB1,SSA,CHRVII_L09,A_to_B,17125,91176,18.782355005703256
6,180,1,DSB1,SSA,CHRXII_L01,A_to_B,33842,91176,37.11722383083268
6,180,1,DSB1,SSA,CHRXII_L05,A_to_B,104898,91176,115.05001316135825
6,180,1,DSB1,SSA,CHRXII_L07,A_to_B,35130,91176,38.52987628323243
6,180,1,DSB1,SSA,CHRXII_L12,A_to_B,17410,91176,19.094937264192332
6,180,1,DSB1,SSA,CHRXV_L01,A_to_B,57509,91176,63.07471264367816
6,180,1,DSB1,SSA,CHRXV_L04,A_to_B,31,91176,0.0340001754847767
6,180,1,DSB1,SSA,CHRXV_L15,A_to_B,13568,91176,14.881109063788717
6,180,1,DSB1,SSA,CHRXV_L17_2,A_to_B,52188,91176,57.23874703869439
6,180,1,DSB1,SSA,CHRXV_L18_1PERCENT_CONTROL,A_to_B,11342,91176,12.43967710801088
6,180,1,DSB1,SSA,COMMON,A_to_B,100,91176,0.10967798543476354
6,180,1,DSB1,SSA,NO_CUT,A_to_B,91176,91176,100
6,180,1,DSB2,INTACT,CHRIII_L02,C_to_D,52,11308,0.4598514326140785
6,180,1,DSB2,INTACT,CHRIII_L03,C_to_D,14,11308,0.1238061549345596
6,180,1,DSB2,INTACT,CHRIII_L04,C_to_D,66,11308,0.5836575875486382
6,180,1,DSB2,INTACT,CHRIV_L01,C_to_D,16,11308,0.14149274849663954
6,180,1,DSB2,INTACT,CHRIV_L03,C_to_D,77,11308,0.6809338521400778
6,180,1,DSB2,INTACT,CHRIV_L06_2,C_to_D,7,11308,0.0619030774672798
6,180,1,DSB2,INTACT,CHRIV_L10_2,C_to_D,26,11308,0.22992571630703926
6,180,1,DSB2,INTACT,CHRIV_L12_2,C_to_D,21,11308,0.1857092324018394
6,180,1,DSB2,INTACT,CHRIV_L13,C_to_D,17,11308,0.15033604527767952
6,180,1,DSB2,INTACT,CHRIV_L15_2,C_to_D,56,11308,0.4952246197382384
6,180,1,DSB2,INTACT,CHRVII_990K,C_to_D,13,11308,0.11496285815351963
6,180,1,DSB2,INTACT,CHRVII_L03,C_to_D,143,11308,1.264591439688716
6,180,1,DSB2,INTACT,CHRVII_L06,C_to_D,5,11308,0.04421648390519986
6,180,1,DSB2,INTACT,CHRVII_L09,C_to_D,33,11308,0.2918287937743191
6,180,1,DSB2,INTACT,CHRXII_L01,C_to_D,195,11308,1.7244428723027945
6,180,1,DSB2,INTACT,CHRXII_L05,C_to_D,8,11308,0.07074637424831977
6,180,1,DSB2,INTACT,CHRXII_L07,C_to_D,22,11308,0.19455252918287938
6,180,1,DSB2,INTACT,CHRXII_L12,C_to_D,27,11308,0.23876901308807924
6,180,1,DSB2,INTACT,CHRXV_L01,C_to_D,10,11308,0.08843296781039972
6,180,1,DSB2,INTACT,CHRXV_L04,C_to_D,16,11308,0.14149274849663954
6,180,1,DSB2,INTACT,CHRXV_L15,C_to_D,20,11308,0.17686593562079944
6,180,1,DSB2,INTACT,CHRXV_L17_2,C_to_D,5,11308,0.04421648390519986
6,180,1,DSB2,INTACT,CHRXV_L18_1PERCENT_CONTROL,C_to_D,8,11308,0.07074637424831977
6,180,1,DSB2,INTACT,COMMON,C_to_D,563623,11308,4984.285461620092
6,180,1,DSB2,INTACT,NO_CUT,C_to_D,11308,11308,100
6,180,1,DSB2,SSA,CHRIII_L02,C_to_D,137,64040,0.21392879450343535
6,180,1,DSB2,SSA,CHRIII_L03,C_to_D,34,64040,0.05309181761399125
6,180,1,DSB2,SSA,CHRIII_L04,C_to_D,176,64040,0.27482823235477827
6,180,1,DSB2,SSA,CHRIV_L01,C_to_D,62,64040,0.09681449094316052
6,180,1,DSB2,SSA,CHRIV_L03,C_to_D,211,64040,0.32948157401623984
6,180,1,DSB2,SSA,CHRIV_L06_2,C_to_D,14,64040,0.021861336664584636
6,180,1,DSB2,SSA,CHRIV_L10_2,C_to_D,65,64040,0.10149906308557152
6,180,1,DSB2,SSA,CHRIV_L12_2,C_to_D,85,64040,0.13272954403497814
6,180,1,DSB2,SSA,CHRIV_L13,C_to_D,53,64040,0.08276077451592755
6,180,1,DSB2,SSA,CHRIV_L15_2,C_to_D,128,64040,0.19987507807620236
6,180,1,DSB2,SSA,CHRVII_990K,C_to_D,20,64040,0.03123048094940662
6,180,1,DSB2,SSA,CHRVII_L03,C_to_D,417,64040,0.6511555277951281
6,180,1,DSB2,SSA,CHRVII_L06,C_to_D,10,64040,0.01561524047470331
6,180,1,DSB2,SSA,CHRVII_L09,C_to_D,106,64040,0.1655215490318551
6,180,1,DSB2,SSA,CHRXII_L01,C_to_D,521,64040,0.8135540287320425
6,180,1,DSB2,SSA,CHRXII_L05,C_to_D,23,64040,0.03591505309181761
6,180,1,DSB2,SSA,CHRXII_L07,C_to_D,63,64040,0.09837601499063085
6,180,1,DSB2,SSA,CHRXII_L12,C_to_D,58,64040,0.0905683947532792
6,180,1,DSB2,SSA,CHRXV_L01,C_to_D,24,64040,0.037476577139287946
6,180,1,DSB2,SSA,CHRXV_L04,C_to_D,51,64040,0.07963772642098688
6,180,1,DSB2,SSA,CHRXV_L15,C_to_D,107,64040,0.16708307307932543
6,180,1,DSB2,SSA,CHRXV_L17_2,C_to_D,14,64040,0.021861336664584636
6,180,1,DSB2,SSA,CHRXV_L18_1PERCENT_CONTROL,C_to_D,18,64040,0.028107432854465958
6,180,1,DSB2,SSA,COMMON,C_to_D,1117160,64040,1744.472204871955
6,180,1,DSB2,SSA,NO_CUT,C_to_D,64040,64040,100
6,180,1,TRANS,INTACT,CHRIII_L02,A_to_D,544,366,148.63387978142077
6,180,1,TRANS,INTACT,CHRIII_L02,C_to_B,2,366,0.546448087431694
6,180,1,TRANS,INTACT,CHRIII_L03,A_to_D,1829,366,499.72677595628414
6,180,1,TRANS,INTACT,CHRIII_L04,A_to_D,3452,366,943.1693989071039
6,180,1,TRANS,INTACT,CHRIV_L01,A_to_D,816,366,222.95081967213116
6,180,1,TRANS,INTACT,CHRIV_L03,A_to_D,795,366,217.21311475409837
6,180,1,TRANS,INTACT,CHRIV_L06_2,A_to_D,1170,366,319.672131147541
6,180,1,TRANS,INTACT,CHRIV_L10_2,A_to_D,2756,366,753.0054644808744
6,180,1,TRANS,INTACT,CHRIV_L12_2,A_to_D,1030,366,281.42076502732243
6,180,1,TRANS,INTACT,CHRIV_L13,A_to_D,787,366,215.02732240437157
6,180,1,TRANS,INTACT,CHRIV_L15_2,A_to_D,970,366,265.0273224043716
6,180,1,TRANS,INTACT,CHRIV_L15_2,C_to_B,5,366,1.366120218579235
6,180,1,TRANS,INTACT,CHRVII_990K,A_to_D,859,366,234.69945355191257
6,180,1,TRANS,INTACT,CHRVII_L03,A_to_D,1002,366,273.7704918032787
6,180,1,TRANS,INTACT,CHRVII_L03,C_to_B,3,366,0.819672131147541
6,180,1,TRANS,INTACT,CHRVII_L06,A_to_D,1103,366,301.3661202185792
6,180,1,TRANS,INTACT,CHRVII_L09,A_to_D,482,366,131.69398907103826
6,180,1,TRANS,INTACT,CHRVII_L09,C_to_B,1,366,0.273224043715847
6,180,1,TRANS,INTACT,CHRXII_L01,A_to_D,888,366,242.62295081967213
6,180,1,TRANS,INTACT,CHRXII_L01,C_to_B,2,366,0.546448087431694
6,180,1,TRANS,INTACT,CHRXII_L05,A_to_D,2517,366,687.7049180327868
6,180,1,TRANS,INTACT,CHRXII_L07,A_to_D,1744,366,476.5027322404372
6,180,1,TRANS,INTACT,CHRXII_L07,C_to_B,1,366,0.273224043715847
6,180,1,TRANS,INTACT,CHRXII_L12,A_to_D,513,366,140.1639344262295
6,180,1,TRANS,INTACT,CHRXV_L01,A_to_D,2509,366,685.5191256830601
6,180,1,TRANS,INTACT,CHRXV_L15,A_to_D,651,366,177.86885245901638
6,180,1,TRANS,INTACT,CHRXV_L15,C_to_B,1,366,0.273224043715847
6,180,1,TRANS,INTACT,CHRXV_L17_2,A_to_D,1125,366,307.37704918032784
6,180,1,TRANS,INTACT,CHRXV_L18_1PERCENT_CONTROL,A_to_D,26,366,7.103825136612022
6,180,1,TRANS,INTACT,CHRXV_L18_1PERCENT_CONTROL,C_to_B,1,366,0.273224043715847
6,180,1,TRANS,INTACT,COMMON,A_to_D,7,366,1.9125683060109289
6,180,1,TRANS,INTACT,COMMON,C_to_B,14469,366,3953.27868852459
6,180,1,TRANS,INTACT,NO_CUT,A_to_D,285,366,77.8688524590164
6,180,1,TRANS,INTACT,NO_CUT,C_to_B,81,366,22.131147540983605
6,180,1,TRANS,SSA,CHRIII_L02,A_to_D,2549,781,326.3764404609475
6,180,1,TRANS,SSA,CHRIII_L02,C_to_B,5,781,0.6402048655569782
6,180,1,TRANS,SSA,CHRIII_L03,A_to_D,7997,781,1023.943661971831
6,180,1,TRANS,SSA,CHRIII_L04,A_to_D,14606,781,1870.1664532650448
6,180,1,TRANS,SSA,CHRIII_L04,C_to_B,5,781,0.6402048655569782
6,180,1,TRANS,SSA,CHRIV_L01,A_to_D,3885,781,497.4391805377721
6,180,1,TRANS,SSA,CHRIV_L01,C_to_B,1,781,0.12804097311139565
6,180,1,TRANS,SSA,CHRIV_L03,A_to_D,4019,781,514.5966709346991
6,180,1,TRANS,SSA,CHRIV_L03,C_to_B,6,781,0.7682458386683739
6,180,1,TRANS,SSA,CHRIV_L06_2,A_to_D,5980,781,765.685019206146
6,180,1,TRANS,SSA,CHRIV_L06_2,C_to_B,1,781,0.12804097311139565
6,180,1,TRANS,SSA,CHRIV_L10_2,A_to_D,15870,781,2032.010243277849
6,180,1,TRANS,SSA,CHRIV_L10_2,C_to_B,1,781,0.12804097311139565
6,180,1,TRANS,SSA,CHRIV_L12_2,A_to_D,4962,781,635.3393085787452
6,180,1,TRANS,SSA,CHRIV_L12_2,C_to_B,1,781,0.12804097311139565
6,180,1,TRANS,SSA,CHRIV_L13,A_to_D,3888,781,497.82330345710625
6,180,1,TRANS,SSA,CHRIV_L13,C_to_B,1,781,0.12804097311139565
6,180,1,TRANS,SSA,CHRIV_L15_2,A_to_D,4255,781,544.8143405889884
6,180,1,TRANS,SSA,CHRIV_L15_2,C_to_B,8,781,1.0243277848911652
6,180,1,TRANS,SSA,CHRVII_990K,A_to_D,4048,781,518.3098591549295
6,180,1,TRANS,SSA,CHRVII_L03,A_to_D,4951,781,633.9308578745198
6,180,1,TRANS,SSA,CHRVII_L03,C_to_B,6,781,0.7682458386683739
6,180,1,TRANS,SSA,CHRVII_L06,A_to_D,5126,781,656.3380281690141
6,180,1,TRANS,SSA,CHRVII_L09,A_to_D,2331,781,298.46350832266324
6,180,1,TRANS,SSA,CHRVII_L09,C_to_B,2,781,0.2560819462227913
6,180,1,TRANS,SSA,CHRXII_L01,A_to_D,3995,781,511.5236875800256
6,180,1,TRANS,SSA,CHRXII_L01,C_to_B,13,781,1.6645326504481435
6,180,1,TRANS,SSA,CHRXII_L05,A_to_D,13382,781,1713.4443021766965
6,180,1,TRANS,SSA,CHRXII_L07,A_to_D,9125,781,1168.3738796414852
6,180,1,TRANS,SSA,CHRXII_L07,C_to_B,1,781,0.12804097311139565
6,180,1,TRANS,SSA,CHRXII_L12,A_to_D,2378,781,304.48143405889886
6,180,1,TRANS,SSA,CHRXII_L12,C_to_B,2,781,0.2560819462227913
6,180,1,TRANS,SSA,CHRXV_L01,A_to_D,12888,781,1650.192061459667
6,180,1,TRANS,SSA,CHRXV_L04,A_to_D,7,781,0.8962868117797695
6,180,1,TRANS,SSA,CHRXV_L15,A_to_D,3142,781,402.3047375160051
6,180,1,TRANS,SSA,CHRXV_L15,C_to_B,1,781,0.12804097311139565
6,180,1,TRANS,SSA,CHRXV_L17_2,A_to_D,5011,781,641.6133162612036
6,180,1,TRANS,SSA,CHRXV_L18_1PERCENT_CONTROL,A_to_D,51,781,6.530089628681178
6,180,1,TRANS,SSA,COMMON,A_to_D,17,781,2.176696542893726
6,180,1,TRANS,SSA,COMMON,C_to_B,52528,781,6725.73623559539
6,180,1,TRANS,SSA,NO_CUT,A_to_D,651,781,83.35467349551857
6,180,1,TRANS,SSA,NO_CUT,C_to_B,130,781,16.645326504481435
8,0,1,DSB1,INTACT,CHRIII_L02,A_to_B,15921,13469,118.20476650085381
8,0,1,DSB1,INTACT,CHRIII_L03,A_to_B,24378,13469,180.99339223401887
8,0,1,DSB1,INTACT,CHRIII_L04,A_to_B,22672,13469,168.3272700274705
8,0,1,DSB1,INTACT,CHRIV_L01,A_to_B,20350,13469,151.0876828272329
8,0,1,DSB1,INTACT,CHRIV_L03,A_to_B,24110,13469,179.0036379835177
8,0,1,DSB1,INTACT,CHRIV_L06_2,A_to_B,18022,13469,133.8035488900438
8,0,1,DSB1,INTACT,CHRIV_L10_2,A_to_B,18466,13469,137.10000742445615
8,0,1,DSB1,INTACT,CHRIV_L12_2,A_to_B,14301,13469,106.17714752394387
8,0,1,DSB1,INTACT,CHRIV_L13,A_to_B,15536,13469,115.34635087979805
8,0,1,DSB1,INTACT,CHRIV_L15_2,A_to_B,16593,13469,123.19400103942387
8,0,1,DSB1,INTACT,CHRVII_990K,A_to_B,19433,13469,144.27945652980918
8,0,1,DSB1,INTACT,CHRVII_L03,A_to_B,18266,13469,135.6151161927389
8,0,1,DSB1,INTACT,CHRVII_L06,A_to_B,26674,13469,198.0399435741332
8,0,1,DSB1,INTACT,CHRVII_L09,A_to_B,29785,13469,221.13742668349542
8,0,1,DSB1,INTACT,CHRXII_L01,A_to_B,21286,13469,158.03697379166977
8,0,1,DSB1,INTACT,CHRXII_L05,A_to_B,14419,13469,107.05323335065707
8,0,1,DSB1,INTACT,CHRXII_L07,A_to_B,15825,13469,117.49201870962952
8,0,1,DSB1,INTACT,CHRXII_L12,A_to_B,32470,13469,241.07209146929986
8,0,1,DSB1,INTACT,CHRXV_L01,A_to_B,48231,13469,358.08894498477986
8,0,1,DSB1,INTACT,CHRXV_L04,A_to_B,30,13469,0.2227336847575915
8,0,1,DSB1,INTACT,CHRXV_L15,A_to_B,14443,13469,107.23142029846314
8,0,1,DSB1,INTACT,CHRXV_L17_2,A_to_B,12778,13469,94.86970079441681
8,0,1,DSB1,INTACT,CHRXV_L18_1PERCENT_CONTROL,A_to_B,2079,13469,15.435444353701092
8,0,1,DSB1,INTACT,COMMON,A_to_B,59,13469,0.4380429133565966
8,0,1,DSB1,INTACT,NO_CUT,A_to_B,13469,13469,100
8,0,1,DSB1,SSA,CHRIII_L02,A_to_B,576,8035,7.168637212196639
8,0,1,DSB1,SSA,CHRIII_L03,A_to_B,845,8035,10.516490354698195
8,0,1,DSB1,SSA,CHRIII_L04,A_to_B,802,8035,9.98133167392657
8,0,1,DSB1,SSA,CHRIV_L01,A_to_B,734,8035,9.135034225264468
8,0,1,DSB1,SSA,CHRIV_L03,A_to_B,863,8035,10.74051026757934
8,0,1,DSB1,SSA,CHRIV_L06_2,A_to_B,666,8035,8.288736776602365
8,0,1,DSB1,SSA,CHRIV_L10_2,A_to_B,707,8035,8.79900435594275
8,0,1,DSB1,SSA,CHRIV_L12_2,A_to_B,472,8035,5.874299937772246
8,0,1,DSB1,SSA,CHRIV_L13,A_to_B,578,8035,7.193528313627878
8,0,1,DSB1,SSA,CHRIV_L15_2,A_to_B,590,8035,7.342874922215308
8,0,1,DSB1,SSA,CHRVII_990K,A_to_B,745,8035,9.271935283136278
8,0,1,DSB1,SSA,CHRVII_L03,A_to_B,662,8035,8.238954573739887
8,0,1,DSB1,SSA,CHRVII_L06,A_to_B,965,8035,12.009956440572495
8,0,1,DSB1,SSA,CHRVII_L09,A_to_B,1118,8035,13.914125700062227
8,0,1,DSB1,SSA,CHRXII_L01,A_to_B,750,8035,9.334163036714374
8,0,1,DSB1,SSA,CHRXII_L05,A_to_B,510,8035,6.347230864965775
8,0,1,DSB1,SSA,CHRXII_L07,A_to_B,568,8035,7.069072806471686
8,0,1,DSB1,SSA,CHRXII_L12,A_to_B,1186,8035,14.760423148724332
8,0,1,DSB1,SSA,CHRXV_L01,A_to_B,1681,8035,20.920970752955817
8,0,1,DSB1,SSA,CHRXV_L04,A_to_B,2,8035,0.024891101431238332
8,0,1,DSB1,SSA,CHRXV_L15,A_to_B,527,8035,6.558805227131301
8,0,1,DSB1,SSA,CHRXV_L17_2,A_to_B,464,8035,5.774735532047293
8,0,1,DSB1,SSA,CHRXV_L18_1PERCENT_CONTROL,A_to_B,81,8035,1.0080896079651525
8,0,1,DSB1,SSA,COMMON,A_to_B,1,8035,0.012445550715619166
8,0,1,DSB1,SSA,NO_CUT,A_to_B,8035,8035,100
8,0,1,DSB2,INTACT,CHRIII_L02,C_to_D,25,3550,0.704225352112676
8,0,1,DSB2,INTACT,CHRIII_L03,C_to_D,333,3550,9.380281690140846
8,0,1,DSB2,INTACT,CHRIII_L04,C_to_D,46,3550,1.295774647887324
8,0,1,DSB2,INTACT,CHRIV_L01,C_to_D,31,3550,0.8732394366197183
8,0,1,DSB2,INTACT,CHRIV_L03,C_to_D,33,3550,0.9295774647887324
8,0,1,DSB2,INTACT,CHRIV_L06_2,C_to_D,59,3550,1.6619718309859155
8,0,1,DSB2,INTACT,CHRIV_L10_2,C_to_D,7,3550,0.19718309859154928
8,0,1,DSB2,INTACT,CHRIV_L12_2,C_to_D,296,3550,8.338028169014084
8,0,1,DSB2,INTACT,CHRIV_L13,C_to_D,15,3550,0.4225352112676056
8,0,1,DSB2,INTACT,CHRIV_L15_2,C_to_D,87,3550,2.4507042253521125
8,0,1,DSB2,INTACT,CHRVII_990K,C_to_D,48,3550,1.352112676056338
8,0,1,DSB2,INTACT,CHRVII_L03,C_to_D,188,3550,5.295774647887324
8,0,1,DSB2,INTACT,CHRVII_L06,C_to_D,83,3550,2.3380281690140845
8,0,1,DSB2,INTACT,CHRVII_L09,C_to_D,12,3550,0.3380281690140845
8,0,1,DSB2,INTACT,CHRXII_L01,C_to_D,1,3550,0.028169014084507043
8,0,1,DSB2,INTACT,CHRXII_L05,C_to_D,51,3550,1.4366197183098592
8,0,1,DSB2,INTACT,CHRXII_L07,C_to_D,96,3550,2.704225352112676
8,0,1,DSB2,INTACT,CHRXII_L12,C_to_D,27,3550,0.7605633802816901
8,0,1,DSB2,INTACT,CHRXV_L01,C_to_D,7,3550,0.19718309859154928
8,0,1,DSB2,INTACT,CHRXV_L04,C_to_D,95,3550,2.676056338028169
8,0,1,DSB2,INTACT,CHRXV_L15,C_to_D,38,3550,1.0704225352112675
8,0,1,DSB2,INTACT,CHRXV_L17_2,C_to_D,30,3550,0.8450704225352113
8,0,1,DSB2,INTACT,CHRXV_L18_1PERCENT_CONTROL,C_to_D,5,3550,0.14084507042253522
8,0,1,DSB2,INTACT,COMMON,C_to_D,1044235,3550,29415.070422535213
8,0,1,DSB2,INTACT,NO_CUT,C_to_D,3550,3550,100
8,0,1,DSB2,SSA,CHRIII_L02,C_to_D,1,1624,0.06157635467980296
8,0,1,DSB2,SSA,CHRIII_L03,C_to_D,2,1624,0.12315270935960591
8,0,1,DSB2,SSA,CHRIII_L04,C_to_D,2,1624,0.12315270935960591
8,0,1,DSB2,SSA,CHRIV_L06_2,C_to_D,1,1624,0.06157635467980296
8,0,1,DSB2,SSA,CHRIV_L12_2,C_to_D,4,1624,0.24630541871921183
8,0,1,DSB2,SSA,CHRIV_L15_2,C_to_D,3,1624,0.18472906403940886
8,0,1,DSB2,SSA,CHRVII_L06,C_to_D,3,1624,0.18472906403940886
8,0,1,DSB2,SSA,CHRXV_L01,C_to_D,1,1624,0.06157635467980296
8,0,1,DSB2,SSA,CHRXV_L04,C_to_D,1,1624,0.06157635467980296
8,0,1,DSB2,SSA,COMMON,C_to_D,6435,1624,396.24384236453204
8,0,1,DSB2,SSA,NO_CUT,C_to_D,1624,1624,100
8,0,1,TRANS,INTACT,CHRIII_L02,A_to_D,26,73,35.61643835616438
8,0,1,TRANS,INTACT,CHRIII_L02,C_to_B,2,73,2.73972602739726
8,0,1,TRANS,INTACT,CHRIII_L03,A_to_D,15,73,20.54794520547945
8,0,1,TRANS,INTACT,CHRIII_L04,A_to_D,52,73,71.23287671232876
8,0,1,TRANS,INTACT,CHRIV_L01,A_to_D,28,73,38.35616438356164
8,0,1,TRANS,INTACT,CHRIV_L03,A_to_D,27,73,36.986301369863014
8,0,1,TRANS,INTACT,CHRIV_L06_2,A_to_D,30,73,41.0958904109589
8,0,1,TRANS,INTACT,CHRIV_L10_2,A_to_D,34,73,46.57534246575342
8,0,1,TRANS,INTACT,CHRIV_L12_2,A_to_D,39,73,53.42465753424658
8,0,1,TRANS,INTACT,CHRIV_L13,A_to_D,12,73,16.438356164383563
8,0,1,TRANS,INTACT,CHRIV_L15_2,A_to_D,20,73,27.397260273972602
8,0,1,TRANS,INTACT,CHRIV_L15_2,C_to_B,2,73,2.73972602739726
8,0,1,TRANS,INTACT,CHRVII_990K,A_to_D,17,73,23.28767123287671
8,0,1,TRANS,INTACT,CHRVII_L03,A_to_D,17,73,23.28767123287671
8,0,1,TRANS,INTACT,CHRVII_L06,A_to_D,32,73,43.83561643835616
8,0,1,TRANS,INTACT,CHRVII_L09,A_to_D,29,73,39.726027397260275
8,0,1,TRANS,INTACT,CHRXII_L01,A_to_D,18,73,24.65753424657534
8,0,1,TRANS,INTACT,CHRXII_L05,A_to_D,24,73,32.87671232876713
8,0,1,TRANS,INTACT,CHRXII_L07,A_to_D,32,73,43.83561643835616
8,0,1,TRANS,INTACT,CHRXII_L12,A_to_D,36,73,49.31506849315068
8,0,1,TRANS,INTACT,CHRXV_L01,A_to_D,46,73,63.013698630136986
8,0,1,TRANS,INTACT,CHRXV_L15,A_to_D,16,73,21.91780821917808
8,0,1,TRANS,INTACT,CHRXV_L17_2,A_to_D,27,73,36.986301369863014
8,0,1,TRANS,INTACT,CHRXV_L18_1PERCENT_CONTROL,A_to_D,4,73,5.47945205479452
8,0,1,TRANS,INTACT,COMMON,C_to_B,422,73,578.082191780822
8,0,1,TRANS,INTACT,NO_CUT,A_to_D,65,73,89.04109589041096
8,0,1,TRANS,INTACT,NO_CUT,C_to_B,8,73,10.95890410958904
8,0,1,TRANS,SSA,CHRIII_L02,A_to_D,4,20,20
8,0,1,TRANS,SSA,CHRIII_L02,C_to_B,1,20,5
8,0,1,TRANS,SSA,CHRIII_L04,A_to_D,4,20,20
8,0,1,TRANS,SSA,CHRIV_L01,A_to_D,3,20,15
8,0,1,TRANS,SSA,CHRIV_L03,A_to_D,5,20,25
8,0,1,TRANS,SSA,CHRIV_L06_2,A_to_D,4,20,20
8,0,1,TRANS,SSA,CHRIV_L12_2,A_to_D,6,20,30
8,0,1,TRANS,SSA,CHRIV_L13,A_to_D,3,20,15
8,0,1,TRANS,SSA,CHRIV_L15_2,A_to_D,2,20,10
8,0,1,TRANS,SSA,CHRVII_990K,A_to_D,2,20,10
8,0,1,TRANS,SSA,CHRVII_L03,A_to_D,3,20,15
8,0,1,TRANS,SSA,CHRVII_L06,A_to_D,11,20,55
8,0,1,TRANS,SSA,CHRVII_L09,A_to_D,2,20,10
8,0,1,TRANS,SSA,CHRXII_L01,A_to_D,1,20,5
8,0,1,TRANS,SSA,CHRXII_L05,A_to_D,6,20,30
8,0,1,TRANS,SSA,CHRXII_L07,A_to_D,6,20,30
8,0,1,TRANS,SSA,CHRXII_L12,A_to_D,11,20,55
8,0,1,TRANS,SSA,CHRXV_L01,A_to_D,3,20,15
8,0,1,TRANS,SSA,CHRXV_L15,A_to_D,2,20,10
8,0,1,TRANS,SSA,CHRXV_L17_2,A_to_D,8,20,40
8,0,1,TRANS,SSA,COMMON,C_to_B,97,20,485
8,0,1,TRANS,SSA,NO_CUT,A_to_D,17,20,85
8,0,1,TRANS,SSA,NO_CUT,C_to_B,3,20,15
8,180,1,DSB1,INTACT,CHRIII_L02,A_to_B,4458,11814,37.73489080751651
8,180,1,DSB1,INTACT,CHRIII_L03,A_to_B,17067,11814,144.46419502285423
8,180,1,DSB1,INTACT,CHRIII_L04,A_to_B,17488,11814,148.02776367022176
8,180,1,DSB1,INTACT,CHRIV_L01,A_to_B,6459,11814,54.67242254951752
8,180,1,DSB1,INTACT,CHRIV_L03,A_to_B,14814,11814,125.39360081259522
8,180,1,DSB1,INTACT,CHRIV_L06_2,A_to_B,9638,11814,81.58117487726426
8,180,1,DSB1,INTACT,CHRIV_L10_2,A_to_B,7560,11814,63.99187404773997
8,180,1,DSB1,INTACT,CHRIV_L12_2,A_to_B,8425,11814,71.3136956153716
8,180,1,DSB1,INTACT,CHRIV_L13,A_to_B,6711,11814,56.80548501777552
8,180,1,DSB1,INTACT,CHRIV_L15_2,A_to_B,5442,11814,46.06399187404774
8,180,1,DSB1,INTACT,CHRVII_990K,A_to_B,4919,11814,41.637040799051974
8,180,1,DSB1,INTACT,CHRVII_L03,A_to_B,3982,11814,33.70577281191807
8,180,1,DSB1,INTACT,CHRVII_L06,A_to_B,17018,11814,144.04943287624852
8,180,1,DSB1,INTACT,CHRVII_L09,A_to_B,10134,11814,85.77958354494668
8,180,1,DSB1,INTACT,CHRXII_L01,A_to_B,6259,11814,52.97951582867784
8,180,1,DSB1,INTACT,CHRXII_L05,A_to_B,6652,11814,56.30607753512781
8,180,1,DSB1,INTACT,CHRXII_L07,A_to_B,9162,11814,77.55205688166582
8,180,1,DSB1,INTACT,CHRXII_L12,A_to_B,25576,11814,216.4889114609785
8,180,1,DSB1,INTACT,CHRXV_L01,A_to_B,19659,11814,166.40426612493653
8,180,1,DSB1,INTACT,CHRXV_L04,A_to_B,11,11814,0.0931098696461825
8,180,1,DSB1,INTACT,CHRXV_L15,A_to_B,10683,11814,90.4266124936516
8,180,1,DSB1,INTACT,CHRXV_L17_2,A_to_B,9245,11814,78.2546131708143
8,180,1,DSB1,INTACT,CHRXV_L18_1PERCENT_CONTROL,A_to_B,1318,11814,11.156255290333503
8,180,1,DSB1,INTACT,COMMON,A_to_B,24,11814,0.2031488065007618
8,180,1,DSB1,INTACT,NO_CUT,A_to_B,11814,11814,100
8,180,1,DSB1,SSA,CHRIII_L02,A_to_B,25254,127246,19.846596356663472
8,180,1,DSB1,SSA,CHRIII_L03,A_to_B,81255,127246,63.856624176791414
8,180,1,DSB1,SSA,CHRIII_L04,A_to_B,53064,127246,41.70190025619666
8,180,1,DSB1,SSA,CHRIV_L01,A_to_B,41666,127246,32.744447762601574
8,180,1,DSB1,SSA,CHRIV_L03,A_to_B,77241,127246,60.702104584819956
8,180,1,DSB1,SSA,CHRIV_L06_2,A_to_B,53336,127246,41.91565943133772
8,180,1,DSB1,SSA,CHRIV_L10_2,A_to_B,35991,127246,28.28458261949295
8,180,1,DSB1,SSA,CHRIV_L12_2,A_to_B,33400,127246,26.24836930041023
8,180,1,DSB1,SSA,CHRIV_L13,A_to_B,32377,127246,25.44441475567012
8,180,1,DSB1,SSA,CHRIV_L15_2,A_to_B,33552,127246,26.367822957106707
8,180,1,DSB1,SSA,CHRVII_990K,A_to_B,26341,127246,20.70084717790736
8,180,1,DSB1,SSA,CHRVII_L03,A_to_B,24310,127246,19.104726278232715
8,180,1,DSB1,SSA,CHRVII_L06,A_to_B,95233,127246,74.84164531694513
8,180,1,DSB1,SSA,CHRVII_L09,A_to_B,63017,127246,49.52375713185483
8,180,1,DSB1,SSA,CHRXII_L01,A_to_B,39101,127246,30.728667305848514
8,180,1,DSB1,SSA,CHRXII_L05,A_to_B,24443,127246,19.20924822784213
8,180,1,DSB1,SSA,CHRXII_L07,A_to_B,36781,127246,28.905427282586487
8,180,1,DSB1,SSA,CHRXII_L12,A_to_B,114316,127246,89.83858038759568
8,180,1,DSB1,SSA,CHRXV_L01,A_to_B,164758,127246,129.4799050657781
8,180,1,DSB1,SSA,CHRXV_L04,A_to_B,63,127246,0.049510397183408515
8,180,1,DSB1,SSA,CHRXV_L15,A_to_B,31676,127246,24.893513352089652
8,180,1,DSB1,SSA,CHRXV_L17_2,A_to_B,53538,127246,42.07440705405278
8,180,1,DSB1,SSA,CHRXV_L18_1PERCENT_CONTROL,A_to_B,9409,127246,7.394338525376043
8,180,1,DSB1,SSA,COMMON,A_to_B,85,127246,0.06679974223158291
8,180,1,DSB1,SSA,NO_CUT,A_to_B,127246,127246,100
8,180,1,DSB2,INTACT,CHRIII_L02,C_to_D,31,5283,0.5867878099564642
8,180,1,DSB2,INTACT,CHRIII_L03,C_to_D,147,5283,2.782509937535491
8,180,1,DSB2,INTACT,CHRIII_L04,C_to_D,25,5283,0.47321597577134206
8,180,1,DSB2,INTACT,CHRIV_L01,C_to_D,22,5283,0.416430058678781
8,180,1,DSB2,INTACT,CHRIV_L03,C_to_D,14,5283,0.26500094643195155
8,180,1,DSB2,INTACT,CHRIV_L06_2,C_to_D,24,5283,0.4542873367404884
8,180,1,DSB2,INTACT,CHRIV_L10_2,C_to_D,4,5283,0.07571455612341473
8,180,1,DSB2,INTACT,CHRIV_L12_2,C_to_D,128,5283,2.422865795949271
8,180,1,DSB2,INTACT,CHRIV_L13,C_to_D,8,5283,0.15142911224682945
8,180,1,DSB2,INTACT,CHRIV_L15_2,C_to_D,63,5283,1.192504258943782
8,180,1,DSB2,INTACT,CHRVII_990K,C_to_D,13,5283,0.24607230740109787
8,180,1,DSB2,INTACT,CHRVII_L03,C_to_D,76,5283,1.4385765663448797
8,180,1,DSB2,INTACT,CHRVII_L06,C_to_D,21,5283,0.3975014196479273
8,180,1,DSB2,INTACT,CHRVII_L09,C_to_D,7,5283,0.13250047321597577
8,180,1,DSB2,INTACT,CHRXII_L01,C_to_D,1,5283,0.01892863903085368
8,180,1,DSB2,INTACT,CHRXII_L05,C_to_D,33,5283,0.6246450880181715
8,180,1,DSB2,INTACT,CHRXII_L07,C_to_D,30,5283,0.5678591709256104
8,180,1,DSB2,INTACT,CHRXII_L12,C_to_D,14,5283,0.26500094643195155
8,180,1,DSB2,INTACT,CHRXV_L01,C_to_D,1,5283,0.01892863903085368
8,180,1,DSB2,INTACT,CHRXV_L04,C_to_D,56,5283,1.0600037857278062
8,180,1,DSB2,INTACT,CHRXV_L15,C_to_D,16,5283,0.3028582244936589
8,180,1,DSB2,INTACT,CHRXV_L17_2,C_to_D,4,5283,0.07571455612341473
8,180,1,DSB2,INTACT,CHRXV_L18_1PERCENT_CONTROL,C_to_D,3,5283,0.05678591709256105
8,180,1,DSB2,INTACT,COMMON,C_to_D,527722,5283,9989.059246640167
8,180,1,DSB2,INTACT,NO_CUT,C_to_D,5283,5283,100
8,180,1,DSB2,SSA,CHRIII_L02,C_to_D,68,34704,0.19594283079760258
8,180,1,DSB2,SSA,CHRIII_L03,C_to_D,508,34704,1.4638082065467957
8,180,1,DSB2,SSA,CHRIII_L04,C_to_D,105,34704,0.30255878284923926
8,180,1,DSB2,SSA,CHRIV_L01,C_to_D,54,34704,0.15560165975103735
8,180,1,DSB2,SSA,CHRIV_L03,C_to_D,41,34704,0.1181420009220839
8,180,1,DSB2,SSA,CHRIV_L06_2,C_to_D,91,34704,0.26221761180267406
8,180,1,DSB2,SSA,CHRIV_L10_2,C_to_D,14,34704,0.04034117104656524
8,180,1,DSB2,SSA,CHRIV_L12_2,C_to_D,365,34704,1.051751959428308
8,180,1,DSB2,SSA,CHRIV_L13,C_to_D,34,34704,0.09797141539880129
8,180,1,DSB2,SSA,CHRIV_L15_2,C_to_D,148,34704,0.4264638082065468
8,180,1,DSB2,SSA,CHRVII_990K,C_to_D,59,34704,0.17000922083909636
8,180,1,DSB2,SSA,CHRVII_L03,C_to_D,297,34704,0.8558091286307054
8,180,1,DSB2,SSA,CHRVII_L06,C_to_D,87,34704,0.25069156293222683
8,180,1,DSB2,SSA,CHRVII_L09,C_to_D,12,34704,0.034578146611341634
8,180,1,DSB2,SSA,CHRXII_L01,C_to_D,1,34704,0.002881512217611803
8,180,1,DSB2,SSA,CHRXII_L05,C_to_D,98,34704,0.28238819732595666
8,180,1,DSB2,SSA,CHRXII_L07,C_to_D,146,34704,0.4207007837713232
8,180,1,DSB2,SSA,CHRXII_L12,C_to_D,68,34704,0.19594283079760258
8,180,1,DSB2,SSA,CHRXV_L01,C_to_D,7,34704,0.02017058552328262
8,180,1,DSB2,SSA,CHRXV_L04,C_to_D,212,34704,0.6108805901337022
8,180,1,DSB2,SSA,CHRXV_L15,C_to_D,87,34704,0.25069156293222683
8,180,1,DSB2,SSA,CHRXV_L17_2,C_to_D,16,34704,0.046104195481788846
8,180,1,DSB2,SSA,CHRXV_L18_1PERCENT_CONTROL,C_to_D,33,34704,0.09508990318118948
8,180,1,DSB2,SSA,COMMON,C_to_D,1155167,34704,3328.627823881973
8,180,1,DSB2,SSA,NO_CUT,C_to_D,34704,34704,100
8,180,1,TRANS,INTACT,CHRIII_L02,A_to_D,396,421,94.06175771971496
8,180,1,TRANS,INTACT,CHRIII_L02,C_to_B,4,421,0.9501187648456056
8,180,1,TRANS,INTACT,CHRIII_L03,A_to_D,698,421,165.7957244655582
8,180,1,TRANS,INTACT,CHRIII_L03,C_to_B,1,421,0.2375296912114014
8,180,1,TRANS,INTACT,CHRIII_L04,A_to_D,1106,421,262.70783847981
8,180,1,TRANS,INTACT,CHRIV_L01,A_to_D,946,421,224.70308788598575
8,180,1,TRANS,INTACT,CHRIV_L03,A_to_D,1529,421,363.1828978622328
8,180,1,TRANS,INTACT,CHRIV_L06_2,A_to_D,945,421,224.46555819477436
8,180,1,TRANS,INTACT,CHRIV_L10_2,A_to_D,709,421,168.4085510688836
8,180,1,TRANS,INTACT,CHRIV_L12_2,A_to_D,528,421,125.41567695961996
8,180,1,TRANS,INTACT,CHRIV_L12_2,C_to_B,1,421,0.2375296912114014
8,180,1,TRANS,INTACT,CHRIV_L13,A_to_D,697,421,165.5581947743468
8,180,1,TRANS,INTACT,CHRIV_L15_2,A_to_D,689,421,163.6579572446556
8,180,1,TRANS,INTACT,CHRIV_L15_2,C_to_B,4,421,0.9501187648456056
8,180,1,TRANS,INTACT,CHRVII_990K,A_to_D,579,421,137.52969121140143
8,180,1,TRANS,INTACT,CHRVII_L03,A_to_D,443,421,105.22565320665083
8,180,1,TRANS,INTACT,CHRVII_L03,C_to_B,1,421,0.2375296912114014
8,180,1,TRANS,INTACT,CHRVII_L06,A_to_D,1815,421,431.1163895486936
8,180,1,TRANS,INTACT,CHRVII_L09,A_to_D,1691,421,401.66270783847983
8,180,1,TRANS,INTACT,CHRXII_L01,A_to_D,582,421,138.24228028503563
8,180,1,TRANS,INTACT,CHRXII_L05,A_to_D,495,421,117.57719714964371
8,180,1,TRANS,INTACT,CHRXII_L07,A_to_D,506,421,120.19002375296913
8,180,1,TRANS,INTACT,CHRXII_L12,A_to_D,2855,421,678.1472684085511
8,180,1,TRANS,INTACT,CHRXV_L01,A_to_D,5302,421,1259.3824228028504
8,180,1,TRANS,INTACT,CHRXV_L04,A_to_D,3,421,0.7125890736342043
8,180,1,TRANS,INTACT,CHRXV_L15,A_to_D,412,421,97.86223277909738
8,180,1,TRANS,INTACT,CHRXV_L17_2,A_to_D,947,421,224.94061757719714
8,180,1,TRANS,INTACT,CHRXV_L18_1PERCENT_CONTROL,A_to_D,25,421,5.938242280285036
8,180,1,TRANS,INTACT,COMMON,A_to_D,1,421,0.2375296912114014
8,180,1,TRANS,INTACT,COMMON,C_to_B,9081,421,2157.0071258907365
8,180,1,TRANS,INTACT,NO_CUT,A_to_D,363,421,86.22327790973871
8,180,1,TRANS,INTACT,NO_CUT,C_to_B,58,421,13.776722090261282
8,180,1,TRANS,SSA,CHRIII_L02,A_to_D,2267,1474,153.79918588873812
8,180,1,TRANS,SSA,CHRIII_L02,C_to_B,10,1474,0.6784260515603799
8,180,1,TRANS,SSA,CHRIII_L03,A_to_D,3719,1474,252.3066485753053
8,180,1,TRANS,SSA,CHRIII_L03,C_to_B,13,1474,0.8819538670284939
8,180,1,TRANS,SSA,CHRIII_L04,A_to_D,5291,1474,358.95522388059703
8,180,1,TRANS,SSA,CHRIII_L04,C_to_B,1,1474,0.06784260515603799
8,180,1,TRANS,SSA,CHRIV_L01,A_to_D,6280,1474,426.0515603799186
8,180,1,TRANS,SSA,CHRIV_L03,A_to_D,10287,1474,697.8968792401628
8,180,1,TRANS,SSA,CHRIV_L03,C_to_B,1,1474,0.06784260515603799
8,180,1,TRANS,SSA,CHRIV_L06_2,A_to_D,6206,1474,421.0312075983718
8,180,1,TRANS,SSA,CHRIV_L06_2,C_to_B,2,1474,0.13568521031207598
8,180,1,TRANS,SSA,CHRIV_L10_2,A_to_D,3808,1474,258.3446404341927
8,180,1,TRANS,SSA,CHRIV_L10_2,C_to_B,1,1474,0.06784260515603799
8,180,1,TRANS,SSA,CHRIV_L12_2,A_to_D,2770,1474,187.92401628222524
8,180,1,TRANS,SSA,CHRIV_L12_2,C_to_B,5,1474,0.33921302578018997
8,180,1,TRANS,SSA,CHRIV_L13,A_to_D,4615,1474,313.0936227951153
8,180,1,TRANS,SSA,CHRIV_L13,C_to_B,1,1474,0.06784260515603799
8,180,1,TRANS,SSA,CHRIV_L15_2,A_to_D,4400,1474,298.5074626865672
8,180,1,TRANS,SSA,CHRIV_L15_2,C_to_B,14,1474,0.9497964721845319
8,180,1,TRANS,SSA,CHRVII_990K,A_to_D,3384,1474,229.57937584803256
8,180,1,TRANS,SSA,CHRVII_990K,C_to_B,1,1474,0.06784260515603799
8,180,1,TRANS,SSA,CHRVII_L03,A_to_D,3042,1474,206.37720488466758
8,180,1,TRANS,SSA,CHRVII_L03,C_to_B,9,1474,0.6105834464043419
8,180,1,TRANS,SSA,CHRVII_L06,A_to_D,11216,1474,760.9226594301222
8,180,1,TRANS,SSA,CHRVII_L06,C_to_B,2,1474,0.13568521031207598
8,180,1,TRANS,SSA,CHRVII_L09,A_to_D,11176,1474,758.2089552238806
8,180,1,TRANS,SSA,CHRXII_L01,A_to_D,3554,1474,241.112618724559
8,180,1,TRANS,SSA,CHRXII_L05,A_to_D,2934,1474,199.05020352781546
8,180,1,TRANS,SSA,CHRXII_L05,C_to_B,4,1474,0.27137042062415195
8,180,1,TRANS,SSA,CHRXII_L07,A_to_D,2263,1474,153.52781546811397
8,180,1,TRANS,SSA,CHRXII_L07,C_to_B,2,1474,0.13568521031207598
8,180,1,TRANS,SSA,CHRXII_L12,A_to_D,19413,1474,1317.0284938941656
8,180,1,TRANS,SSA,CHRXII_L12,C_to_B,1,1474,0.06784260515603799
8,180,1,TRANS,SSA,CHRXV_L01,A_to_D,34978,1474,2372.998643147897
8,180,1,TRANS,SSA,CHRXV_L04,A_to_D,4,1474,0.27137042062415195
8,180,1,TRANS,SSA,CHRXV_L04,C_to_B,1,1474,0.06784260515603799
8,180,1,TRANS,SSA,CHRXV_L15,A_to_D,2408,1474,163.36499321573947
8,180,1,TRANS,SSA,CHRXV_L17_2,A_to_D,5158,1474,349.93215739484395
8,180,1,TRANS,SSA,CHRXV_L17_2,C_to_B,1,1474,0.06784260515603799
8,180,1,TRANS,SSA,CHRXV_L18_1PERCENT_CONTROL,A_to_D,122,1474,8.276797829036635
8,180,1,TRANS,SSA,CHRXV_L18_1PERCENT_CONTROL,C_to_B,3,1474,0.20352781546811397
8,180,1,TRANS,SSA,COMMON,A_to_D,11,1474,0.746268656716418
8,180,1,TRANS,SSA,COMMON,C_to_B,70029,1474,4750.949796472185
8,180,1,TRANS,SSA,NO_CUT,A_to_D,1284,1474,87.10990502035278
8,180,1,TRANS,SSA,NO_CUT,C_to_B,190,1474,12.890094979647218
