batch,time_point,replicate,DSB,repeat,allele,combo,Counts,Uncuttable_Combo_Counts,Fold_of_Uncuttable,Percent_of_Uncuttable,Inverse_Fold_NO_CUT_over_Counts,Percent_of_Counts_plus_NO_CUT
6,0,1,DSB1,INTACT,CHRIII_L02,A_to_B,51283,23997,2.1370587990165437,213.70587990165438,0.46793284324240003,68.12300743889479
6,0,1,DSB1,INTACT,CHRIII_L03,A_to_B,38174,23997,1.5907821811059715,159.07821811059716,0.6286215748939068,61.40161811777195
6,0,1,DSB1,INTACT,CHRIII_L04,A_to_B,228463,23997,9.520481726882528,952.0481726882527,0.10503670178540946,90.49473183870712
6,0,1,DSB1,INTACT,CHRIV_L01,A_to_B,49541,23997,2.0644663916322874,206.44663916322872,0.48438666962717747,67.36789143028095
6,0,1,DSB1,INTACT,CHRIV_L03,A_to_B,32857,23997,1.3692128182689502,136.92128182689504,0.730346653681103,57.7918879938087
6,0,1,DSB1,INTACT,CHRIV_L06_2,A_to_B,54088,23997,2.253948410217944,225.39484102179438,0.4436658778287236,69.26810526989819
6,0,1,DSB1,INTACT,CHRIV_L10_2,A_to_B,39551,23997,1.648164353877568,164.8164353877568,0.6067356071907157,62.23799332787814
6,0,1,DSB1,INTACT,CHRIV_L12_2,A_to_B,44777,23997,1.865941576030337,186.59415760303372,0.5359224601916163,65.10745339808649
6,0,1,DSB1,INTACT,CHRIV_L13,A_to_B,29708,23997,1.2379880818435638,123.79880818435637,0.8077622189309277,55.317009589423705
6,0,1,DSB1,INTACT,CHRIV_L15_2,A_to_B,51410,23997,2.142351127224236,214.23511272242362,0.46677689165532,68.17669447133555
6,0,1,DSB1,INTACT,CHRVII_990K,A_to_B,55756,23997,2.3234570988040173,232.34570988040173,0.43039314154530456,69.91084974859879
6,0,1,DSB1,INTACT,CHRVII_L03,A_to_B,25406,23997,1.0587156727924323,105.87156727924324,0.9445406596866882,51.42602675950853
6,0,1,DSB1,INTACT,CHRVII_L06,A_to_B,37751,23997,1.5731549777055465,157.31549777055466,0.6356652803899234,61.137202824382975
6,0,1,DSB1,INTACT,CHRVII_L09,A_to_B,47770,23997,1.9906654998541484,199.06654998541484,0.5023445677203265,66.562626276701
6,0,1,DSB1,INTACT,CHRXII_L01,A_to_B,36766,23997,1.5321081801891903,153.21081801891904,0.6526954251210357,60.50721656271086
6,0,1,DSB1,INTACT,CHRXII_L05,A_to_B,115878,23997,4.828853606700838,482.88536067008374,0.20708848961839177,82.84396782841823
6,0,1,DSB1,INTACT,CHRXII_L07,A_to_B,37186,23997,1.549610367962662,154.9610367962662,0.6453235088474157,60.77832077537878
6,0,1,DSB1,INTACT,CHRXII_L12,A_to_B,43616,23997,1.8175605283993832,181.75605283993832,0.5501880044020543,64.50830461597621
6,0,1,DSB1,INTACT,CHRXV_L01,A_to_B,51209,23997,2.133975080218361,213.39750802183607,0.46860903356831807,68.09164162433848
6,0,1,DSB1,INTACT,CHRXV_L04,A_to_B,58,23997,0.0024169687877651372,0.24169687877651372,413.7413793103448,0.24111411348991893
6,0,1,DSB1,INTACT,CHRXV_L15,A_to_B,39981,23997,1.6660832604075508,166.6083260407551,0.6002100997974038,62.49179405420613
6,0,1,DSB1,INTACT,CHRXV_L17_2,A_to_B,50534,23997,2.1058465641538526,210.58465641538527,0.4748684054300075,67.80265929613181
6,0,1,DSB1,INTACT,CHRXV_L18_1PERCENT_CONTROL,A_to_B,7649,23997,0.31874817685544027,31.874817685544027,3.1372728461236763,24.17051128104658
6,0,1,DSB1,INTACT,COMMON,A_to_B,170,23997,0.007084218860690919,0.708421886069092,141.15882352941176,0.7034385732610585
6,0,1,DSB1,INTACT,NO_CUT,A_to_B,23997,23997,1,100,1,50
6,0,1,DSB1,SSA,CHRIII_L02,A_to_B,1267,15119,0.0838018387459488,8.38018387459488,11.932912391475927,7.732210423532283
6,0,1,DSB1,SSA,CHRIII_L03,A_to_B,877,15119,0.05800648191017924,5.800648191017925,17.239452679589508,5.482620655163791
6,0,1,DSB1,SSA,CHRIII_L04,A_to_B,5996,15119,0.39658707586480585,39.65870758648059,2.5215143428952635,28.396874260004736
6,0,1,DSB1,SSA,CHRIV_L01,A_to_B,1356,15119,0.08968847145975263,8.968847145975262,11.149705014749262,8.230652503793626
6,0,1,DSB1,SSA,CHRIV_L03,A_to_B,768,15119,0.05079701038428468,5.0797010384284675,19.686197916666668,4.8341411216718075
6,0,1,DSB1,SSA,CHRIV_L06_2,A_to_B,1373,15119,0.09081288445002976,9.081288445002976,11.011653313911143,8.325248605384429
6,0,1,DSB1,SSA,CHRIV_L10_2,A_to_B,1053,15119,0.06964746345657781,6.964746345657781,14.358024691358025,6.511254019292605
6,0,1,DSB1,SSA,CHRIV_L12_2,A_to_B,1127,15119,0.07454196706131358,7.454196706131358,13.415261756876664,6.93709220731257
6,0,1,DSB1,SSA,CHRIV_L13,A_to_B,730,15119,0.048283616641312255,4.828361664131226,20.71095890410959,4.6059688308410625
6,0,1,DSB1,SSA,CHRIV_L15_2,A_to_B,1259,15119,0.0832727032211125,8.32727032211125,12.008737092930897,7.687141287092441
6,0,1,DSB1,SSA,CHRVII_990K,A_to_B,1365,15119,0.09028374892519346,9.028374892519347,11.076190476190476,8.280757097791797
6,0,1,DSB1,SSA,CHRVII_L03,A_to_B,682,15119,0.045108803492294465,4.5108803492294465,22.168621700879765,4.3161825200936645
6,0,1,DSB1,SSA,CHRVII_L06,A_to_B,960,15119,0.06349626298035585,6.349626298035584,15.748958333333333,5.970520554760868
6,0,1,DSB1,SSA,CHRVII_L09,A_to_B,1171,15119,0.07745221244791323,7.745221244791322,12.911187019641332,7.188459177409453
6,0,1,DSB1,SSA,CHRXII_L01,A_to_B,874,15119,0.05780805608836563,5.780805608836563,17.29862700228833,5.464890889764272
6,0,1,DSB1,SSA,CHRXII_L05,A_to_B,2963,15119,0.19597857001124414,19.597857001124414,5.102598717516031,16.38646167459352
6,0,1,DSB1,SSA,CHRXII_L07,A_to_B,926,15119,0.06124743699980158,6.124743699980157,16.32721382289417,5.771268307884076
6,0,1,DSB1,SSA,CHRXII_L12,A_to_B,1071,15119,0.07083801838745948,7.0838018387459485,14.11671335200747,6.615194564546016
6,0,1,DSB1,SSA,CHRXV_L01,A_to_B,1248,15119,0.0825451418744626,8.25451418744626,12.114583333333334,7.625099285146942
6,0,1,DSB1,SSA,CHRXV_L04,A_to_B,3,15119,1.9842582181361202e-4,0.0198425821813612,5039.666666666667,0.019838645681788124
6,0,1,DSB1,SSA,CHRXV_L15,A_to_B,974,15119,0.06442225014881936,6.442225014881936,15.52258726899384,6.05232088485677
6,0,1,DSB1,SSA,CHRXV_L17_2,A_to_B,1213,15119,0.08023017395330378,8.02301739533038,12.464138499587799,7.42713690913544
6,0,1,DSB1,SSA,CHRXV_L18_1PERCENT_CONTROL,A_to_B,187,15119,0.012368542893048482,1.2368542893048482,80.85026737967914,1.2217431072781915
6,0,1,DSB1,SSA,COMMON,A_to_B,8,15119,5.291355248362987e-4,0.05291355248362987,1889.875,0.052885568850399946
6,0,1,DSB1,SSA,NO_CUT,A_to_B,15119,15119,1,100,1,50
6,0,1,DSB2,INTACT,CHRIII_L02,C_to_D,213,21258,0.010019757267852102,1.0019757267852103,99.80281690140845,0.9920357691770295
6,0,1,DSB2,INTACT,CHRIII_L03,C_to_D,96,21258,0.004515946937623483,0.4515946937623483,221.4375,0.44956448440573193
6,0,1,DSB2,INTACT,CHRIII_L04,C_to_D,348,21258,0.016370307648885127,1.6370307648885125,61.08620689655172,1.6106637045265204
6,0,1,DSB2,INTACT,CHRIV_L01,C_to_D,61,21258,0.002869507949948255,0.28695079499482545,348.4918032786885,0.2861297434213612
6,0,1,DSB2,INTACT,CHRIV_L03,C_to_D,407,21258,0.019145733370966225,1.9145733370966225,52.23095823095823,1.8786060466189707
6,0,1,DSB2,INTACT,CHRIV_L06_2,C_to_D,34,21258,0.0015993978737416502,0.15993978737416503,625.2352941176471,0.15968438850272404
6,0,1,DSB2,INTACT,CHRIV_L10_2,C_to_D,184,21258,0.008655564963778343,0.8655564963778343,115.53260869565217,0.8581289058856449
6,0,1,DSB2,INTACT,CHRIV_L12_2,C_to_D,186,21258,0.008749647191645497,0.8749647191645498,114.29032258064517,0.8673754896474538
6,0,1,DSB2,INTACT,CHRIV_L13,C_to_D,73,21258,0.00343400131715119,0.343400131715119,291.2054794520548,0.34222493085181194
6,0,1,DSB2,INTACT,CHRIV_L15_2,C_to_D,295,21258,0.013877128610405494,1.3877128610405494,72.06101694915255,1.3687189718368673
6,0,1,DSB2,INTACT,CHRVII_990K,C_to_D,48,21258,0.0022579734688117415,0.22579734688117414,442.875,0.22528865108420162
6,0,1,DSB2,INTACT,CHRVII_L03,C_to_D,764,21258,0.03593941104525355,3.593941104525355,27.82460732984293,3.46925801471256
6,0,1,DSB2,INTACT,CHRVII_L06,C_to_D,19,21258,8.93781164737981e-4,0.0893781164737981,1118.842105263158,0.08929830333223669
6,0,1,DSB2,INTACT,CHRVII_L09,C_to_D,230,21258,0.010819456204722928,1.0819456204722928,92.42608695652174,1.0703648548026805
6,0,1,DSB2,INTACT,CHRXII_L01,C_to_D,1201,21258,0.05649637783422711,5.649637783422712,17.700249791840132,5.347522151476023
6,0,1,DSB2,INTACT,CHRXII_L05,C_to_D,47,21258,0.0022109323548781634,0.22109323548781634,452.29787234042556,0.2206054916686224
6,0,1,DSB2,INTACT,CHRXII_L07,C_to_D,121,21258,0.005691974785962932,0.5691974785962931,175.68595041322314,0.5659759577155152
6,0,1,DSB2,INTACT,CHRXII_L12,C_to_D,119,21258,0.0055978925580957755,0.5597892558095776,178.6386554621849,0.5566730598306591
6,0,1,DSB2,INTACT,CHRXV_L01,C_to_D,67,21258,0.0031517546335497223,0.31517546335497226,317.2835820895522,0.3141852286049238
6,0,1,DSB2,INTACT,CHRXV_L04,C_to_D,113,21258,0.005315645874494308,0.5315645874494308,188.12389380530973,0.5287539188620093
6,0,1,DSB2,INTACT,CHRXV_L15,C_to_D,234,21258,0.01100762066045724,1.100762066045724,90.84615384615384,1.0887772194304857
6,0,1,DSB2,INTACT,CHRXV_L17_2,C_to_D,43,21258,0.002022767899143852,0.20227678991438516,494.3720930232558,0.2018684568799587
6,0,1,DSB2,INTACT,CHRXV_L18_1PERCENT_CONTROL,C_to_D,33,21258,0.0015523567598080723,0.15523567598080723,644.1818181818181,0.15499506833873467
6,0,1,DSB2,INTACT,COMMON,C_to_D,1715641,21258,80.70566375011761,8070.56637501176,0.012390704115837753,98.77609463762717
6,0,1,DSB2,INTACT,NO_CUT,C_to_D,21258,21258,1,100,1,50
6,0,1,DSB2,SSA,CHRIII_L02,C_to_D,5,10877,4.596855750666544e-4,0.04596855750666544,2175.4,0.045947436133063776
6,0,1,DSB2,SSA,CHRIII_L04,C_to_D,3,10877,2.7581134503999266e-4,0.027581134503999266,3625.6666666666665,0.027573529411764705
6,0,1,DSB2,SSA,CHRIV_L03,C_to_D,3,10877,2.7581134503999266e-4,0.027581134503999266,3625.6666666666665,0.027573529411764705
6,0,1,DSB2,SSA,CHRIV_L10_2,C_to_D,2,10877,1.8387423002666178e-4,0.018387423002666176,5438.5,0.01838404265097895
6,0,1,DSB2,SSA,CHRIV_L12_2,C_to_D,2,10877,1.8387423002666178e-4,0.018387423002666176,5438.5,0.01838404265097895
6,0,1,DSB2,SSA,CHRIV_L15_2,C_to_D,7,10877,6.435598050933162e-4,0.06435598050933161,1553.857142857143,0.06431459022418229
6,0,1,DSB2,SSA,CHRVII_990K,C_to_D,2,10877,1.8387423002666178e-4,0.018387423002666176,5438.5,0.01838404265097895
6,0,1,DSB2,SSA,CHRVII_L03,C_to_D,7,10877,6.435598050933162e-4,0.06435598050933161,1553.857142857143,0.06431459022418229
6,0,1,DSB2,SSA,CHRVII_L06,C_to_D,1,10877,9.193711501333089e-5,0.009193711501333088,10877,0.009192866335723478
6,0,1,DSB2,SSA,CHRVII_L09,C_to_D,6,10877,5.516226900799853e-4,0.05516226900799853,1812.8333333333333,0.05513185702471745
6,0,1,DSB2,SSA,CHRXII_L01,C_to_D,11,10877,0.0010113082651466397,0.10113082651466397,988.8181818181819,0.10102865540044086
6,0,1,DSB2,SSA,CHRXII_L07,C_to_D,1,10877,9.193711501333089e-5,0.009193711501333088,10877,0.009192866335723478
6,0,1,DSB2,SSA,CHRXII_L12,C_to_D,1,10877,9.193711501333089e-5,0.009193711501333088,10877,0.009192866335723478
6,0,1,DSB2,SSA,CHRXV_L04,C_to_D,2,10877,1.8387423002666178e-4,0.018387423002666176,5438.5,0.01838404265097895
6,0,1,DSB2,SSA,CHRXV_L15,C_to_D,2,10877,1.8387423002666178e-4,0.018387423002666176,5438.5,0.01838404265097895
6,0,1,DSB2,SSA,COMMON,C_to_D,24871,10877,2.2865679874965523,228.65679874965522,0.43733665715089864,69.57312297191451
6,0,1,DSB2,SSA,NO_CUT,C_to_D,10877,10877,1,100,1,50
6,0,1,TRANS,INTACT,CHRIII_L02,A_to_D,124,418,0.2966507177033493,29.66507177033493,3.370967741935484,22.878228782287824
6,0,1,TRANS,INTACT,CHRIII_L02,C_to_B,3,106,0.02830188679245283,2.830188679245283,35.333333333333336,2.7522935779816513
6,0,1,TRANS,INTACT,CHRIII_L03,A_to_D,35,418,0.08373205741626795,8.373205741626794,11.942857142857143,7.72626931567329
6,0,1,TRANS,INTACT,CHRIII_L04,A_to_D,512,418,1.2248803827751196,122.48803827751196,0.81640625,55.053763440860216
6,0,1,TRANS,INTACT,CHRIV_L01,A_to_D,152,418,0.36363636363636365,36.36363636363637,2.75,26.666666666666668
6,0,1,TRANS,INTACT,CHRIV_L03,A_to_D,161,418,0.38516746411483255,38.516746411483254,2.5962732919254656,27.806563039723663
6,0,1,TRANS,INTACT,CHRIV_L03,C_to_B,1,106,0.009433962264150943,0.9433962264150944,106,0.9345794392523364
6,0,1,TRANS,INTACT,CHRIV_L06_2,A_to_D,105,418,0.2511961722488038,25.119617224880383,3.980952380952381,20.076481835564053
6,0,1,TRANS,INTACT,CHRIV_L10_2,A_to_D,199,418,0.47607655502392343,47.60765550239235,2.100502512562814,32.25283630470016
6,0,1,TRANS,INTACT,CHRIV_L12_2,A_to_D,157,418,0.37559808612440193,37.55980861244019,2.662420382165605,27.304347826086957
6,0,1,TRANS,INTACT,CHRIV_L12_2,C_to_B,1,106,0.009433962264150943,0.9433962264150944,106,0.9345794392523364
6,0,1,TRANS,INTACT,CHRIV_L13,A_to_D,96,418,0.22966507177033493,22.966507177033492,4.354166666666667,18.67704280155642
6,0,1,TRANS,INTACT,CHRIV_L15_2,A_to_D,175,418,0.41866028708133973,41.866028708133975,2.388571428571429,29.51096121416526
6,0,1,TRANS,INTACT,CHRIV_L15_2,C_to_B,8,106,0.07547169811320754,7.547169811320755,13.25,7.017543859649122
6,0,1,TRANS,INTACT,CHRVII_990K,A_to_D,88,418,0.21052631578947367,21.05263157894737,4.75,17.391304347826086
6,0,1,TRANS,INTACT,CHRVII_L03,A_to_D,96,418,0.22966507177033493,22.966507177033492,4.354166666666667,18.67704280155642
6,0,1,TRANS,INTACT,CHRVII_L06,A_to_D,211,418,0.5047846889952153,50.47846889952153,1.981042654028436,33.54531001589825
6,0,1,TRANS,INTACT,CHRVII_L09,A_to_D,138,418,0.33014354066985646,33.014354066985646,3.028985507246377,24.820143884892087
6,0,1,TRANS,INTACT,CHRXII_L01,A_to_D,69,418,0.16507177033492823,16.507177033492823,6.057971014492754,14.168377823408624
6,0,1,TRANS,INTACT,CHRXII_L01,C_to_B,1,106,0.009433962264150943,0.9433962264150944,106,0.9345794392523364
6,0,1,TRANS,INTACT,CHRXII_L05,A_to_D,188,418,0.44976076555023925,44.97607655502392,2.223404255319149,31.023102310231025
6,0,1,TRANS,INTACT,CHRXII_L07,A_to_D,193,418,0.46172248803827753,46.17224880382775,2.1658031088082903,31.587561374795417
6,0,1,TRANS,INTACT,CHRXII_L12,A_to_D,184,418,0.44019138755980863,44.01913875598086,2.2717391304347827,30.564784053156146
6,0,1,TRANS,INTACT,CHRXV_L01,A_to_D,170,418,0.40669856459330145,40.66985645933014,2.458823529411765,28.91156462585034
6,0,1,TRANS,INTACT,CHRXV_L15,A_to_D,99,418,0.23684210526315788,23.68421052631579,4.222222222222222,19.148936170212767
6,0,1,TRANS,INTACT,CHRXV_L17_2,A_to_D,245,418,0.5861244019138756,58.61244019138756,1.7061224489795919,36.95324283559577
6,0,1,TRANS,INTACT,CHRXV_L18_1PERCENT_CONTROL,A_to_D,31,418,0.07416267942583732,7.416267942583732,13.483870967741936,6.904231625835189
6,0,1,TRANS,INTACT,COMMON,A_to_D,2,418,0.004784688995215311,0.4784688995215311,209,0.47619047619047616
6,0,1,TRANS,INTACT,COMMON,C_to_B,2045,106,19.29245283018868,1929.245283018868,0.05183374083129584,95.07205950720595
6,0,1,TRANS,INTACT,NO_CUT,A_to_D,418,418,1,100,1,50
6,0,1,TRANS,INTACT,NO_CUT,C_to_B,106,106,1,100,1,50
6,0,1,TRANS,SSA,CHRIII_L02,A_to_D,14,122,0.11475409836065574,11.475409836065573,8.714285714285714,10.294117647058824
6,0,1,TRANS,SSA,CHRIII_L03,A_to_D,3,122,0.02459016393442623,2.459016393442623,40.666666666666664,2.4
6,0,1,TRANS,SSA,CHRIII_L04,A_to_D,69,122,0.5655737704918032,56.557377049180324,1.7681159420289856,36.12565445026178
6,0,1,TRANS,SSA,CHRIV_L01,A_to_D,31,122,0.2540983606557377,25.40983606557377,3.935483870967742,20.26143790849673
6,0,1,TRANS,SSA,CHRIV_L03,A_to_D,34,122,0.2786885245901639,27.868852459016395,3.588235294117647,21.794871794871796
6,0,1,TRANS,SSA,CHRIV_L06_2,A_to_D,18,122,0.14754098360655737,14.754098360655737,6.777777777777778,12.857142857142858
6,0,1,TRANS,SSA,CHRIV_L10_2,A_to_D,50,122,0.4098360655737705,40.98360655737705,2.44,29.069767441860463
6,0,1,TRANS,SSA,CHRIV_L12_2,A_to_D,32,122,0.26229508196721313,26.229508196721312,3.8125,20.77922077922078
6,0,1,TRANS,SSA,CHRIV_L13,A_to_D,20,122,0.16393442622950818,16.39344262295082,6.1,14.084507042253522
6,0,1,TRANS,SSA,CHRIV_L15_2,A_to_D,22,122,0.18032786885245902,18.0327868852459,5.545454545454546,15.277777777777779
6,0,1,TRANS,SSA,CHRVII_990K,A_to_D,19,122,0.1557377049180328,15.573770491803279,6.421052631578948,13.47517730496454
6,0,1,TRANS,SSA,CHRVII_L03,A_to_D,17,122,0.13934426229508196,13.934426229508198,7.176470588235294,12.23021582733813
6,0,1,TRANS,SSA,CHRVII_L06,A_to_D,44,122,0.36065573770491804,36.0655737704918,2.772727272727273,26.50602409638554
6,0,1,TRANS,SSA,CHRVII_L09,A_to_D,22,122,0.18032786885245902,18.0327868852459,5.545454545454546,15.277777777777779
6,0,1,TRANS,SSA,CHRXII_L01,A_to_D,17,122,0.13934426229508196,13.934426229508198,7.176470588235294,12.23021582733813
6,0,1,TRANS,SSA,CHRXII_L05,A_to_D,18,122,0.14754098360655737,14.754098360655737,6.777777777777778,12.857142857142858
6,0,1,TRANS,SSA,CHRXII_L07,A_to_D,33,122,0.27049180327868855,27.049180327868854,3.696969696969697,21.29032258064516
6,0,1,TRANS,SSA,CHRXII_L12,A_to_D,36,122,0.29508196721311475,29.508196721311474,3.388888888888889,22.78481012658228
6,0,1,TRANS,SSA,CHRXV_L01,A_to_D,29,122,0.23770491803278687,23.770491803278688,4.206896551724138,19.205298013245034
6,0,1,TRANS,SSA,CHRXV_L15,A_to_D,16,122,0.13114754098360656,13.114754098360656,7.625,11.594202898550725
6,0,1,TRANS,SSA,CHRXV_L17_2,A_to_D,65,122,0.5327868852459017,53.278688524590166,1.876923076923077,34.75935828877005
6,0,1,TRANS,SSA,CHRXV_L18_1PERCENT_CONTROL,A_to_D,9,122,0.07377049180327869,7.377049180327869,13.555555555555555,6.870229007633588
6,0,1,TRANS,SSA,COMMON,C_to_B,676,18,37.55555555555556,3755.5555555555557,0.026627218934911243,97.40634005763688
6,0,1,TRANS,SSA,NO_CUT,A_to_D,122,122,1,100,1,50
6,0,1,TRANS,SSA,NO_CUT,C_to_B,18,18,1,100,1,50
6,180,1,DSB1,INTACT,CHRIII_L02,A_to_B,6826,22097,0.3089107118613386,30.891071186133864,3.2371813653677117,23.600594682432668
6,180,1,DSB1,INTACT,CHRIII_L03,A_to_B,18356,22097,0.8307010001357651,83.070100013576507,1.2038025713663107,45.376115492052506
6,180,1,DSB1,INTACT,CHRIII_L04,A_to_B,127393,22097,5.765171742770512,576.5171742770511,0.17345537038926787,85.21840925814436
6,180,1,DSB1,INTACT,CHRIV_L01,A_to_B,17754,22097,0.803457482916233,80.3457482916233,1.2446209304945364,44.55095229730747
6,180,1,DSB1,INTACT,CHRIV_L03,A_to_B,5337,22097,0.24152599900438973,24.152599900438975,4.140341015551808,19.453962236640663
6,180,1,DSB1,INTACT,CHRIV_L06_2,A_to_B,22259,22097,1.0073313119427976,100.73313119427976,0.9927220450154993,50.18261340066733
6,180,1,DSB1,INTACT,CHRIV_L10_2,A_to_B,14797,22097,0.6696384124541793,66.96384124541792,1.493343245252416,40.10679243237383
6,180,1,DSB1,INTACT,CHRIV_L12_2,A_to_B,22924,22097,1.037425894917862,103.74258949178622,0.9639242715058454,50.918460274094315
6,180,1,DSB1,INTACT,CHRIV_L13,A_to_B,13246,22097,0.5994478888536905,59.94478888536906,1.668201721274347,37.47842571371983
6,180,1,DSB1,INTACT,CHRIV_L15_2,A_to_B,24287,22097,1.0991084762637462,109.91084762637462,0.9098283032074772,52.36072783718524
6,180,1,DSB1,INTACT,CHRVII_990K,A_to_B,25634,22097,1.160066977417749,116.0066977417749,0.8620191932589529,53.70513921769919
6,180,1,DSB1,INTACT,CHRVII_L03,A_to_B,10929,22097,0.4945920260668869,49.45920260668869,2.0218684234605178,33.092109247259735
6,180,1,DSB1,INTACT,CHRVII_L06,A_to_B,17537,22097,0.7936371453138436,79.36371453138435,1.2600216684723726,44.24736337488015
6,180,1,DSB1,INTACT,CHRVII_L09,A_to_B,7633,22097,0.34543150653934923,34.54315065393492,2.8949299096030394,25.67440295997309
6,180,1,DSB1,INTACT,CHRXII_L01,A_to_B,15705,22097,0.7107299633434403,71.07299633434403,1.4070041388092964,41.54542087720226
6,180,1,DSB1,INTACT,CHRXII_L05,A_to_B,50405,22097,2.281078879485903,228.1078879485903,0.43838904870548556,69.52222007668755
6,180,1,DSB1,INTACT,CHRXII_L07,A_to_B,16565,22097,0.7496492736570575,74.96492736570575,1.3339571385451252,42.84568827272257
6,180,1,DSB1,INTACT,CHRXII_L12,A_to_B,8006,22097,0.3623116260125809,36.23116260125809,2.7600549587809144,26.59535594459024
6,180,1,DSB1,INTACT,CHRXV_L01,A_to_B,22259,22097,1.0073313119427976,100.73313119427976,0.9927220450154993,50.18261340066733
6,180,1,DSB1,INTACT,CHRXV_L04,A_to_B,25,22097,0.0011313752998144545,0.11313752998144544,883.88,0.11300967362806257
6,180,1,DSB1,INTACT,CHRXV_L15,A_to_B,6156,22097,0.27858985382631124,27.858985382631126,3.5895061728395063,21.788836583725622
6,180,1,DSB1,INTACT,CHRXV_L17_2,A_to_B,24203,22097,1.0953070552563697,109.53070552563696,0.9129859934718837,52.27429805615551
6,180,1,DSB1,INTACT,CHRXV_L18_1PERCENT_CONTROL,A_to_B,3927,22097,0.1777164320948545,17.77164320948545,5.626941685765215,15.08991699969259
6,180,1,DSB1,INTACT,COMMON,A_to_B,54,22097,0.0024437706475992217,0.24437706475992216,409.2037037037037,0.24378131912780462
6,180,1,DSB1,INTACT,NO_CUT,A_to_B,22097,22097,1,100,1,50
6,180,1,DSB1,SSA,CHRIII_L02,A_to_B,16081,91176,0.17637316837764325,17.637316837764324,5.669796654436913,14.992960832393225
6,180,1,DSB1,SSA,CHRIII_L03,A_to_B,38422,91176,0.42140475563744845,42.14047556374484,2.3730154598927697,29.64706245466751
6,180,1,DSB1,SSA,CHRIII_L04,A_to_B,162267,91176,1.7797117662542774,177.97117662542774,0.5618887389302816,64.02504705199986
6,180,1,DSB1,SSA,CHRIV_L01,A_to_B,40327,91176,0.4422984118627709,44.22984118627709,2.260917003496417,30.66622054249713
6,180,1,DSB1,SSA,CHRIV_L03,A_to_B,10209,91176,0.11197025533035009,11.19702553303501,8.930943285336468,10.069536913744637
6,180,1,DSB1,SSA,CHRIV_L06_2,A_to_B,48033,91176,0.5268162674387997,52.68162674387997,1.8981949909437261,34.50423464000173
6,180,1,DSB1,SSA,CHRIV_L10_2,A_to_B,37406,91176,0.4102614723172765,41.02614723172765,2.437469924611025,29.091163615436063
6,180,1,DSB1,SSA,CHRIV_L12_2,A_to_B,54081,91176,0.5931495130297447,59.314951302974464,1.6859155710878126,37.2312521943865
6,180,1,DSB1,SSA,CHRIV_L13,A_to_B,28193,91176,0.3092151443362288,30.921514433622882,3.2339942538928104,23.618359875679616
6,180,1,DSB1,SSA,CHRIV_L15_2,A_to_B,57327,91176,0.6287509871018689,62.87509871018689,1.5904547595373908,38.60326054019111
6,180,1,DSB1,SSA,CHRVII_990K,A_to_B,58542,91176,0.6420768623321926,64.20768623321926,1.5574459362508968,39.101510840379916
6,180,1,DSB1,SSA,CHRVII_L03,A_to_B,23343,91176,0.25602132140036854,25.60213214003685,3.9059246883434007,20.38351714562649
6,180,1,DSB1,SSA,CHRVII_L06,A_to_B,36659,91176,0.40206852680529964,40.20685268052996,2.4871382198095966,28.676809950326593
6,180,1,DSB1,SSA,CHRVII_L09,A_to_B,17125,91176,0.18782355005703255,18.782355005703256,5.32414598540146,15.812411704416395
6,180,1,DSB1,SSA,CHRXII_L01,A_to_B,33842,91176,0.37117223830832674,37.11722383083268,2.6941670114059453,27.06970196291734
6,180,1,DSB1,SSA,CHRXII_L05,A_to_B,104898,91176,1.1505001316135826,115.05001316135825,0.8691872104329921,53.499189081673244
6,180,1,DSB1,SSA,CHRXII_L07,A_to_B,35130,91176,0.3852987628323243,38.52987628323243,2.5953885567890693,27.813405538929267
6,180,1,DSB1,SSA,CHRXII_L12,A_to_B,17410,91176,0.19094937264192333,19.094937264192332,5.236990235496841,16.033374468163483
6,180,1,DSB1,SSA,CHRXV_L01,A_to_B,57509,91176,0.6307471264367817,63.07471264367816,1.5854214123006833,38.6784140969163
6,180,1,DSB1,SSA,CHRXV_L04,A_to_B,31,91176,3.4000175484776696e-4,0.0340001754847767,2941.1612903225805,0.03398861929457169
6,180,1,DSB1,SSA,CHRXV_L15,A_to_B,13568,91176,0.14881109063788717,14.881109063788717,6.719929245283019,12.953486595890935
6,180,1,DSB1,SSA,CHRXV_L17_2,A_to_B,52188,91176,0.5723874703869439,57.23874703869439,1.7470682915612785,36.40244412823303
6,180,1,DSB1,SSA,CHRXV_L18_1PERCENT_CONTROL,A_to_B,11342,91176,0.1243967710801088,12.43967710801088,8.038793863516135,11.063423008642385
6,180,1,DSB1,SSA,COMMON,A_to_B,100,91176,0.0010967798543476354,0.10967798543476354,911.76,0.10955782461983435
6,180,1,DSB1,SSA,NO_CUT,A_to_B,91176,91176,1,100,1,50
6,180,1,DSB2,INTACT,CHRIII_L02,C_to_D,52,11308,0.004598514326140785,0.4598514326140785,217.46153846153845,0.45774647887323944
6,180,1,DSB2,INTACT,CHRIII_L03,C_to_D,14,11308,0.001238061549345596,0.1238061549345596,807.7142857142857,0.12365306482953542
6,180,1,DSB2,INTACT,CHRIII_L04,C_to_D,66,11308,0.005836575875486381,0.5836575875486382,171.33333333333334,0.5802707930367504
6,180,1,DSB2,INTACT,CHRIV_L01,C_to_D,16,11308,0.0014149274849663955,0.14149274849663954,706.75,0.14129282938890853
6,180,1,DSB2,INTACT,CHRIV_L03,C_to_D,77,11308,0.006809338521400778,0.6809338521400778,146.85714285714286,0.6763285024154589
6,180,1,DSB2,INTACT,CHRIV_L06_2,C_to_D,7,11308,6.19030774672798e-4,0.0619030774672798,1615.4285714285713,0.0618647812638091
6,180,1,DSB2,INTACT,CHRIV_L10_2,C_to_D,26,11308,0.0022992571630703926,0.22992571630703926,434.9230769230769,0.2293982706899594
6,180,1,DSB2,INTACT,CHRIV_L12_2,C_to_D,21,11308,0.001857092324018394,0.1857092324018394,538.4761904761905,0.18536499249713126
6,180,1,DSB2,INTACT,CHRIV_L13,C_to_D,17,11308,0.0015033604527767952,0.15033604527767952,665.1764705882352,0.15011037527593818
6,180,1,DSB2,INTACT,CHRIV_L15_2,C_to_D,56,11308,0.004952246197382384,0.4952246197382384,201.92857142857142,0.49278423090461104
6,180,1,DSB2,INTACT,CHRVII_990K,C_to_D,13,11308,0.0011496285815351963,0.11496285815351963,869.8461538461538,0.11483084533168449
6,180,1,DSB2,INTACT,CHRVII_L03,C_to_D,143,11308,0.01264591439688716,1.264591439688716,79.07692307692308,1.2487992315081653
6,180,1,DSB2,INTACT,CHRVII_L06,C_to_D,5,11308,4.421648390519986e-4,0.04421648390519986,2261.6,0.04419694157164324
6,180,1,DSB2,INTACT,CHRVII_L09,C_to_D,33,11308,0.0029182879377431907,0.2918287937743191,342.6666666666667,0.2909796314258002
6,180,1,DSB2,INTACT,CHRXII_L01,C_to_D,195,11308,0.017244428723027946,1.7244428723027945,57.98974358974359,1.6952099452316787
6,180,1,DSB2,INTACT,CHRXII_L05,C_to_D,8,11308,7.074637424831977e-4,0.07074637424831977,1413.5,0.07069635913750442
6,180,1,DSB2,INTACT,CHRXII_L07,C_to_D,22,11308,0.0019455252918287938,0.19455252918287938,514,0.1941747572815534
6,180,1,DSB2,INTACT,CHRXII_L12,C_to_D,27,11308,0.0023876901308807924,0.23876901308807924,418.81481481481484,0.23820026466696073
6,180,1,DSB2,INTACT,CHRXV_L01,C_to_D,10,11308,8.843296781039972e-4,0.08843296781039972,1130.8,0.08835483300936561
6,180,1,DSB2,INTACT,CHRXV_L04,C_to_D,16,11308,0.0014149274849663955,0.14149274849663954,706.75,0.14129282938890853
6,180,1,DSB2,INTACT,CHRXV_L15,C_to_D,20,11308,0.0017686593562079944,0.17686593562079944,565.4,0.1765536723163842
6,180,1,DSB2,INTACT,CHRXV_L17_2,C_to_D,5,11308,4.421648390519986e-4,0.04421648390519986,2261.6,0.04419694157164324
6,180,1,DSB2,INTACT,CHRXV_L18_1PERCENT_CONTROL,C_to_D,8,11308,7.074637424831977e-4,0.07074637424831977,1413.5,0.07069635913750442
6,180,1,DSB2,INTACT,COMMON,C_to_D,563623,11308,49.84285461620092,4984.285461620092,0.02006305633375501,98.03315528298178
6,180,1,DSB2,INTACT,NO_CUT,C_to_D,11308,11308,1,100,1,50
6,180,1,DSB2,SSA,CHRIII_L02,C_to_D,137,64040,0.0021392879450343534,0.21392879450343535,467.44525547445255,0.2134721161786933
6,180,1,DSB2,SSA,CHRIII_L03,C_to_D,34,64040,5.309181761399126e-4,0.05309181761399125,1883.5294117647059,0.053063645160283425
6,180,1,DSB2,SSA,CHRIII_L04,C_to_D,176,64040,0.0027482823235477826,0.27482823235477827,363.8636363636364,0.2740749968855114
6,180,1,DSB2,SSA,CHRIV_L01,C_to_D,62,64040,9.681449094316052e-4,0.09681449094316052,1032.9032258064517,0.09672085114349006
6,180,1,DSB2,SSA,CHRIV_L03,C_to_D,211,64040,0.0032948157401623984,0.32948157401623984,303.50710900473933,0.3283995579835333
6,180,1,DSB2,SSA,CHRIV_L06_2,C_to_D,14,64040,2.1861336664584635e-4,0.021861336664584636,4574.285714285715,0.021856558528741375
6,180,1,DSB2,SSA,CHRIV_L10_2,C_to_D,65,64040,0.0010149906308557152,0.10149906308557152,985.2307692307693,0.10139614694641604
6,180,1,DSB2,SSA,CHRIV_L12_2,C_to_D,85,64040,0.0013272954403497814,0.13272954403497814,753.4117647058823,0.13255360623781676
6,180,1,DSB2,SSA,CHRIV_L13,C_to_D,53,64040,8.276077451592755e-4,0.08276077451592755,1208.301886792453,0.08269233769678436
6,180,1,DSB2,SSA,CHRIV_L15_2,C_to_D,128,64040,0.0019987507807620237,0.19987507807620236,500.3125,0.19947637451689315
6,180,1,DSB2,SSA,CHRVII_990K,C_to_D,20,64040,3.123048094940662e-4,0.03123048094940662,3202,0.031220730565095223
6,180,1,DSB2,SSA,CHRVII_L03,C_to_D,417,64040,0.0065115552779512805,0.6511555277951281,153.57314148681056,0.6469429231891028
6,180,1,DSB2,SSA,CHRVII_L06,C_to_D,10,64040,1.561524047470331e-4,0.01561524047470331,6404,0.0156128024980484
6,180,1,DSB2,SSA,CHRVII_L09,C_to_D,106,64040,0.001655215490318551,0.1655215490318551,604.1509433962265,0.1652480279362704
6,180,1,DSB2,SSA,CHRXII_L01,C_to_D,521,64040,0.008135540287320425,0.8135540287320425,122.91746641074856,0.8069887393317947
6,180,1,DSB2,SSA,CHRXII_L05,C_to_D,23,64040,3.5915053091817615e-4,0.03591505309181761,2784.3478260869565,0.035902158812419024
6,180,1,DSB2,SSA,CHRXII_L07,C_to_D,63,64040,9.837601499063085e-4,0.09837601499063085,1016.5079365079365,0.09827933170054444
6,180,1,DSB2,SSA,CHRXII_L12,C_to_D,58,64040,9.05683947532792e-4,0.0905683947532792,1104.1379310344828,0.09048644263471559
6,180,1,DSB2,SSA,CHRXV_L01,C_to_D,24,64040,3.7476577139287947e-4,0.037476577139287946,2668.3333333333335,0.037462537462537464
6,180,1,DSB2,SSA,CHRXV_L04,C_to_D,51,64040,7.963772642098688e-4,0.07963772642098688,1255.686274509804,0.07957435521368054
6,180,1,DSB2,SSA,CHRXV_L15,C_to_D,107,64040,0.0016708307307932541,0.16708307307932543,598.5046728971963,0.16680437120987732
6,180,1,DSB2,SSA,CHRXV_L17_2,C_to_D,14,64040,2.1861336664584635e-4,0.021861336664584636,4574.285714285715,0.021856558528741375
6,180,1,DSB2,SSA,CHRXV_L18_1PERCENT_CONTROL,C_to_D,18,64040,2.810743285446596e-4,0.028107432854465958,3557.777777777778,0.02809953479659059
6,180,1,DSB2,SSA,COMMON,C_to_D,1117160,64040,17.44472204871955,1744.472204871955,0.05732392853306599,94.57839485269217
6,180,1,DSB2,SSA,NO_CUT,C_to_D,64040,64040,1,100,1,50
6,180,1,TRANS,INTACT,CHRIII_L02,A_to_D,544,285,1.9087719298245613,190.87719298245614,0.5238970588235294,65.62123039806997
6,180,1,TRANS,INTACT,CHRIII_L02,C_to_B,2,81,0.024691358024691357,2.4691358024691357,40.5,2.4096385542168677
6,180,1,TRANS,INTACT,CHRIII_L03,A_to_D,1829,285,6.417543859649123,641.7543859649123,0.1558228540185894,86.51844843897824
6,180,1,TRANS,INTACT,CHRIII_L04,A_to_D,3452,285,12.112280701754386,1211.2280701754387,0.08256083429895712,92.37356168049237
6,180,1,TRANS,INTACT,CHRIV_L01,A_to_D,816,285,2.863157894736842,286.3157894736842,0.3492647058823529,74.11444141689373
6,180,1,TRANS,INTACT,CHRIV_L03,A_to_D,795,285,2.789473684210526,278.94736842105266,0.3584905660377358,73.61111111111111
6,180,1,TRANS,INTACT,CHRIV_L06_2,A_to_D,1170,285,4.105263157894737,410.5263157894737,0.24358974358974358,80.41237113402062
6,180,1,TRANS,INTACT,CHRIV_L10_2,A_to_D,2756,285,9.670175438596491,967.0175438596491,0.10341074020319303,90.6280828674778
6,180,1,TRANS,INTACT,CHRIV_L12_2,A_to_D,1030,285,3.6140350877192984,361.4035087719298,0.2766990291262136,78.32699619771863
6,180,1,TRANS,INTACT,CHRIV_L13,A_to_D,787,285,2.76140350877193,276.140350877193,0.36213468869123255,73.41417910447761
6,180,1,TRANS,INTACT,CHRIV_L15_2,A_to_D,970,285,3.4035087719298245,340.35087719298247,0.29381443298969073,77.29083665338645
6,180,1,TRANS,INTACT,CHRIV_L15_2,C_to_B,5,81,0.06172839506172839,6.172839506172839,16.2,5.813953488372093
6,180,1,TRANS,INTACT,CHRVII_990K,A_to_D,859,285,3.0140350877192983,301.4035087719298,0.3317811408614668,75.08741258741259
6,180,1,TRANS,INTACT,CHRVII_L03,A_to_D,1002,285,3.5157894736842104,351.57894736842104,0.2844311377245509,77.85547785547786
6,180,1,TRANS,INTACT,CHRVII_L03,C_to_B,3,81,0.037037037037037035,3.7037037037037037,27,3.5714285714285716
6,180,1,TRANS,INTACT,CHRVII_L06,A_to_D,1103,285,3.8701754385964913,387.0175438596491,0.2583862194016319,79.46685878962536
6,180,1,TRANS,INTACT,CHRVII_L09,A_to_D,482,285,1.6912280701754385,169.12280701754386,0.5912863070539419,62.84224250325945
6,180,1,TRANS,INTACT,CHRVII_L09,C_to_B,1,81,0.012345679012345678,1.2345679012345678,81,1.2195121951219512
6,180,1,TRANS,INTACT,CHRXII_L01,A_to_D,888,285,3.1157894736842104,311.57894736842104,0.32094594594594594,75.70332480818415
6,180,1,TRANS,INTACT,CHRXII_L01,C_to_B,2,81,0.024691358024691357,2.4691358024691357,40.5,2.4096385542168677
6,180,1,TRANS,INTACT,CHRXII_L05,A_to_D,2517,285,8.83157894736842,883.1578947368421,0.11323003575685339,89.8286937901499
6,180,1,TRANS,INTACT,CHRXII_L07,A_to_D,1744,285,6.1192982456140355,611.9298245614035,0.16341743119266056,85.95367175948743
6,180,1,TRANS,INTACT,CHRXII_L07,C_to_B,1,81,0.012345679012345678,1.2345679012345678,81,1.2195121951219512
6,180,1,TRANS,INTACT,CHRXII_L12,A_to_D,513,285,1.8,180,0.5555555555555556,64.28571428571429
6,180,1,TRANS,INTACT,CHRXV_L01,A_to_D,2509,285,8.803508771929824,880.3508771929825,0.11359107214029494,89.79957050823192
6,180,1,TRANS,INTACT,CHRXV_L15,A_to_D,651,285,2.2842105263157895,228.42105263157896,0.4377880184331797,69.55128205128206
6,180,1,TRANS,INTACT,CHRXV_L15,C_to_B,1,81,0.012345679012345678,1.2345679012345678,81,1.2195121951219512
6,180,1,TRANS,INTACT,CHRXV_L17_2,A_to_D,1125,285,3.9473684210526314,394.7368421052632,0.25333333333333335,79.7872340425532
6,180,1,TRANS,INTACT,CHRXV_L18_1PERCENT_CONTROL,A_to_D,26,285,0.0912280701754386,9.12280701754386,10.961538461538462,8.360128617363344
6,180,1,TRANS,INTACT,CHRXV_L18_1PERCENT_CONTROL,C_to_B,1,81,0.012345679012345678,1.2345679012345678,81,1.2195121951219512
6,180,1,TRANS,INTACT,COMMON,A_to_D,7,285,0.02456140350877193,2.456140350877193,40.714285714285715,2.3972602739726026
6,180,1,TRANS,INTACT,COMMON,C_to_B,14469,81,178.62962962962962,17862.962962962964,0.005598175409496164,99.44329896907216
6,180,1,TRANS,INTACT,NO_CUT,A_to_D,285,285,1,100,1,50
6,180,1,TRANS,INTACT,NO_CUT,C_to_B,81,81,1,100,1,50
6,180,1,TRANS,SSA,CHRIII_L02,A_to_D,2549,651,3.9155145929339477,391.55145929339477,0.2553942722636328,79.65625
6,180,1,TRANS,SSA,CHRIII_L02,C_to_B,5,130,0.038461538461538464,3.8461538461538463,26,3.7037037037037037
6,180,1,TRANS,SSA,CHRIII_L03,A_to_D,7997,651,12.284178187403993,1228.4178187403993,0.08140552707265225,92.4722479185939
6,180,1,TRANS,SSA,CHRIII_L04,A_to_D,14606,651,22.43625192012289,2243.6251920122886,0.04457072435985211,95.7331061152258
6,180,1,TRANS,SSA,CHRIII_L04,C_to_B,5,130,0.038461538461538464,3.8461538461538463,26,3.7037037037037037
6,180,1,TRANS,SSA,CHRIV_L01,A_to_D,3885,651,5.967741935483871,596.7741935483871,0.16756756756756758,85.64814814814815
6,180,1,TRANS,SSA,CHRIV_L01,C_to_B,1,130,0.007692307692307693,0.7692307692307693,130,0.7633587786259542
6,180,1,TRANS,SSA,CHRIV_L03,A_to_D,4019,651,6.17357910906298,617.357910906298,0.16198059218711122,86.05995717344754
6,180,1,TRANS,SSA,CHRIV_L03,C_to_B,6,130,0.046153846153846156,4.615384615384615,21.666666666666668,4.411764705882353
6,180,1,TRANS,SSA,CHRIV_L06_2,A_to_D,5980,651,9.185867895545314,918.5867895545315,0.1088628762541806,90.1824762479264
6,180,1,TRANS,SSA,CHRIV_L06_2,C_to_B,1,130,0.007692307692307693,0.7692307692307693,130,0.7633587786259542
6,180,1,TRANS,SSA,CHRIV_L10_2,A_to_D,15870,651,24.377880184331797,2437.78801843318,0.04102079395085066,96.05956055928817
6,180,1,TRANS,SSA,CHRIV_L10_2,C_to_B,1,130,0.007692307692307693,0.7692307692307693,130,0.7633587786259542
6,180,1,TRANS,SSA,CHRIV_L12_2,A_to_D,4962,651,7.622119815668203,762.2119815668203,0.13119709794437726,88.40192410475682
6,180,1,TRANS,SSA,CHRIV_L12_2,C_to_B,1,130,0.007692307692307693,0.7692307692307693,130,0.7633587786259542
6,180,1,TRANS,SSA,CHRIV_L13,A_to_D,3888,651,5.972350230414746,597.2350230414746,0.16743827160493827,85.65763384005288
6,180,1,TRANS,SSA,CHRIV_L13,C_to_B,1,130,0.007692307692307693,0.7692307692307693,130,0.7633587786259542
6,180,1,TRANS,SSA,CHRIV_L15_2,A_to_D,4255,651,6.536098310291859,653.6098310291859,0.15299647473560518,86.73053403995108
6,180,1,TRANS,SSA,CHRIV_L15_2,C_to_B,8,130,0.06153846153846154,6.153846153846154,16.25,5.797101449275362
6,180,1,TRANS,SSA,CHRVII_990K,A_to_D,4048,651,6.218125960061444,621.8125960061444,0.16082015810276679,86.14598850819323
6,180,1,TRANS,SSA,CHRVII_L03,A_to_D,4951,651,7.605222734254992,760.5222734254992,0.13148858816400727,88.37915030346305
6,180,1,TRANS,SSA,CHRVII_L03,C_to_B,6,130,0.046153846153846156,4.615384615384615,21.666666666666668,4.411764705882353
6,180,1,TRANS,SSA,CHRVII_L06,A_to_D,5126,651,7.874039938556067,787.4039938556068,0.12699960983222786,88.73117535052796
6,180,1,TRANS,SSA,CHRVII_L09,A_to_D,2331,651,3.5806451612903225,358.06451612903226,0.27927927927927926,78.16901408450704
6,180,1,TRANS,SSA,CHRVII_L09,C_to_B,2,130,0.015384615384615385,1.5384615384615385,65,1.5151515151515151
6,180,1,TRANS,SSA,CHRXII_L01,A_to_D,3995,651,6.136712749615976,613.6712749615975,0.16295369211514393,85.98794662074903
6,180,1,TRANS,SSA,CHRXII_L01,C_to_B,13,130,0.1,10,10,9.090909090909092
6,180,1,TRANS,SSA,CHRXII_L05,A_to_D,13382,651,20.556067588325654,2055.6067588325654,0.04864743685547751,95.36093493907218
6,180,1,TRANS,SSA,CHRXII_L07,A_to_D,9125,651,14.01689708141321,1401.689708141321,0.07134246575342466,93.34083469721767
6,180,1,TRANS,SSA,CHRXII_L07,C_to_B,1,130,0.007692307692307693,0.7692307692307693,130,0.7633587786259542
6,180,1,TRANS,SSA,CHRXII_L12,A_to_D,2378,651,3.6528417818740397,365.284178187404,0.27375946173254834,78.50775833608452
6,180,1,TRANS,SSA,CHRXII_L12,C_to_B,2,130,0.015384615384615385,1.5384615384615385,65,1.5151515151515151
6,180,1,TRANS,SSA,CHRXV_L01,A_to_D,12888,651,19.797235023041473,1979.7235023041474,0.050512104283054006,95.19166851318414
6,180,1,TRANS,SSA,CHRXV_L04,A_to_D,7,651,0.010752688172043012,1.075268817204301,93,1.0638297872340425
6,180,1,TRANS,SSA,CHRXV_L15,A_to_D,3142,651,4.82642089093702,482.642089093702,0.2071928707829408,82.83680464012654
6,180,1,TRANS,SSA,CHRXV_L15,C_to_B,1,130,0.007692307692307693,0.7692307692307693,130,0.7633587786259542
6,180,1,TRANS,SSA,CHRXV_L17_2,A_to_D,5011,651,7.697388632872504,769.7388632872504,0.12991418878467373,88.50229600847757
6,180,1,TRANS,SSA,CHRXV_L18_1PERCENT_CONTROL,A_to_D,51,651,0.07834101382488479,7.8341013824884795,12.764705882352942,7.264957264957265
6,180,1,TRANS,SSA,COMMON,A_to_D,17,651,0.026113671274961597,2.61136712749616,38.294117647058826,2.5449101796407185
6,180,1,TRANS,SSA,COMMON,C_to_B,52528,130,404.0615384615385,40406.153846153844,0.0024748705452330186,99.75312393178625
6,180,1,TRANS,SSA,NO_CUT,A_to_D,651,651,1,100,1,50
6,180,1,TRANS,SSA,NO_CUT,C_to_B,130,130,1,100,1,50
8,0,1,DSB1,INTACT,CHRIII_L02,A_to_B,15921,13469,1.182047665008538,118.20476650085381,0.8459895735192513,54.17148690030623
8,0,1,DSB1,INTACT,CHRIII_L03,A_to_B,24378,13469,1.8099339223401887,180.99339223401887,0.5525063581918123,64.41197452902476
8,0,1,DSB1,INTACT,CHRIII_L04,A_to_B,22672,13469,1.6832727002747048,168.3272700274705,0.5940808045165843,62.73207714230375
8,0,1,DSB1,INTACT,CHRIV_L01,A_to_B,20350,13469,1.510876828272329,151.0876828272329,0.6618673218673219,60.173275377746236
8,0,1,DSB1,INTACT,CHRIV_L03,A_to_B,24110,13469,1.790036379835177,179.0036379835177,0.5586478639568644,64.15817344793635
8,0,1,DSB1,INTACT,CHRIV_L06_2,A_to_B,18022,13469,1.338035488900438,133.8035488900438,0.7473643324825213,57.229049569718335
8,0,1,DSB1,INTACT,CHRIV_L10_2,A_to_B,18466,13469,1.3710000742445616,137.10000742445615,0.729394562980613,57.823704399561606
8,0,1,DSB1,INTACT,CHRIV_L12_2,A_to_B,14301,13469,1.0617714752394387,106.17714752394387,0.9418222501922943,51.498019445444726
8,0,1,DSB1,INTACT,CHRIV_L13,A_to_B,15536,13469,1.1534635087979805,115.34635087979805,0.8669541709577755,53.56317876228236
8,0,1,DSB1,INTACT,CHRIV_L15_2,A_to_B,16593,13469,1.2319400103942386,123.19400103942387,0.8117278370397155,55.19592841460981
8,0,1,DSB1,INTACT,CHRVII_990K,A_to_B,19433,13469,1.442794565298092,144.27945652980918,0.6930993670560387,59.06327882803477
8,0,1,DSB1,INTACT,CHRVII_L03,A_to_B,18266,13469,1.3561511619273887,135.6151161927389,0.7373809263111792,57.55790137072633
8,0,1,DSB1,INTACT,CHRVII_L06,A_to_B,26674,13469,1.980399435741332,198.0399435741332,0.5049486391242408,66.44745036494533
8,0,1,DSB1,INTACT,CHRVII_L09,A_to_B,29785,13469,2.2113742668349543,221.13742668349542,0.45220748699009566,68.860683405003
8,0,1,DSB1,INTACT,CHRXII_L01,A_to_B,21286,13469,1.5803697379166977,158.03697379166977,0.632763318613173,61.24586390447418
8,0,1,DSB1,INTACT,CHRXII_L05,A_to_B,14419,13469,1.0705323335065706,107.05323335065707,0.9341147097579583,51.70324153757889
8,0,1,DSB1,INTACT,CHRXII_L07,A_to_B,15825,13469,1.174920187096295,117.49201870962952,0.8511216429699842,54.02130129036663
8,0,1,DSB1,INTACT,CHRXII_L12,A_to_B,32470,13469,2.4107209146929987,241.07209146929986,0.41481367416076376,70.68068525653584
8,0,1,DSB1,INTACT,CHRXV_L01,A_to_B,48231,13469,3.5808894498477986,358.08894498477986,0.279260226825071,78.17017828200973
8,0,1,DSB1,INTACT,CHRXV_L04,A_to_B,30,13469,0.002227336847575915,0.2227336847575915,448.96666666666664,0.22223868434698868
8,0,1,DSB1,INTACT,CHRXV_L15,A_to_B,14443,13469,1.0723142029846313,107.23142029846314,0.9325624870179325,51.744769274863856
8,0,1,DSB1,INTACT,CHRXV_L17_2,A_to_B,12778,13469,0.9486970079441681,94.86970079441681,1.054077320394428,48.68365908484779
8,0,1,DSB1,INTACT,CHRXV_L18_1PERCENT_CONTROL,A_to_B,2079,13469,0.15435444353701092,15.435444353701092,6.478595478595478,13.371494726009777
8,0,1,DSB1,INTACT,COMMON,A_to_B,59,13469,0.004380429133565966,0.4380429133565966,228.28813559322035,0.4361324659964518
8,0,1,DSB1,INTACT,NO_CUT,A_to_B,13469,13469,1,100,1,50
8,0,1,DSB1,SSA,CHRIII_L02,A_to_B,576,8035,0.0716863721219664,7.168637212196639,13.949652777777779,6.689118569271861
8,0,1,DSB1,SSA,CHRIII_L03,A_to_B,845,8035,0.10516490354698195,10.516490354698195,9.50887573964497,9.515765765765765
8,0,1,DSB1,SSA,CHRIII_L04,A_to_B,802,8035,0.09981331673926572,9.98133167392657,10.018703241895262,9.075478103428765
8,0,1,DSB1,SSA,CHRIV_L01,A_to_B,734,8035,0.09135034225264468,9.135034225264468,10.946866485013624,8.370395712167864
8,0,1,DSB1,SSA,CHRIV_L03,A_to_B,863,8035,0.10740510267579341,10.74051026757934,9.310544611819235,9.698808721060912
8,0,1,DSB1,SSA,CHRIV_L06_2,A_to_B,666,8035,0.08288736776602365,8.288736776602365,12.064564564564565,7.6542926100448225
8,0,1,DSB1,SSA,CHRIV_L10_2,A_to_B,707,8035,0.08799004355942751,8.79900435594275,11.364922206506366,8.087394188972775
8,0,1,DSB1,SSA,CHRIV_L12_2,A_to_B,472,8035,0.05874299937772246,5.874299937772246,17.02330508474576,5.548371928999647
8,0,1,DSB1,SSA,CHRIV_L13,A_to_B,578,8035,0.07193528313627878,7.193528313627878,13.901384083044983,6.710786021130849
8,0,1,DSB1,SSA,CHRIV_L15_2,A_to_B,590,8035,0.07342874922215308,7.342874922215308,13.61864406779661,6.840579710144928
8,0,1,DSB1,SSA,CHRVII_990K,A_to_B,745,8035,0.09271935283136279,9.271935283136278,10.78523489932886,8.485193621867882
8,0,1,DSB1,SSA,CHRVII_L03,A_to_B,662,8035,0.08238954573739889,8.238954573739887,12.137462235649547,7.611820167873979
8,0,1,DSB1,SSA,CHRVII_L06,A_to_B,965,8035,0.12009956440572496,12.009956440572495,8.32642487046632,10.722222222222221
8,0,1,DSB1,SSA,CHRVII_L09,A_to_B,1118,8035,0.13914125700062227,13.914125700062227,7.1869409660107335,12.214574456462362
8,0,1,DSB1,SSA,CHRXII_L01,A_to_B,750,8035,0.09334163036714374,9.334163036714374,10.713333333333333,8.537279453614115
8,0,1,DSB1,SSA,CHRXII_L05,A_to_B,510,8035,0.06347230864965775,6.347230864965775,15.754901960784315,5.968402574605032
8,0,1,DSB1,SSA,CHRXII_L07,A_to_B,568,8035,0.07069072806471687,7.069072806471686,14.14612676056338,6.60234801813321
8,0,1,DSB1,SSA,CHRXII_L12,A_to_B,1186,8035,0.1476042314872433,14.760423148724332,6.774873524451939,12.861945559049994
8,0,1,DSB1,SSA,CHRXV_L01,A_to_B,1681,8035,0.20920970752955817,20.920970752955817,4.779892920880428,17.301358583779333
8,0,1,DSB1,SSA,CHRXV_L04,A_to_B,2,8035,2.489110143123833e-4,0.024891101431238332,4017.5,0.024884907303720293
8,0,1,DSB1,SSA,CHRXV_L15,A_to_B,527,8035,0.06558805227131301,6.558805227131301,15.246679316888045,6.1551039476757765
8,0,1,DSB1,SSA,CHRXV_L17_2,A_to_B,464,8035,0.05774735532047293,5.774735532047293,17.316810344827587,5.4594658195081776
8,0,1,DSB1,SSA,CHRXV_L18_1PERCENT_CONTROL,A_to_B,81,8035,0.010080896079651524,1.0080896079651525,99.19753086419753,0.9980285855101035
8,0,1,DSB1,SSA,COMMON,A_to_B,1,8035,1.2445550715619165e-4,0.012445550715619166,8035,0.012444001991040319
8,0,1,DSB1,SSA,NO_CUT,A_to_B,8035,8035,1,100,1,50
8,0,1,DSB2,INTACT,CHRIII_L02,C_to_D,25,3550,0.007042253521126761,0.704225352112676,142,0.6993006993006993
8,0,1,DSB2,INTACT,CHRIII_L03,C_to_D,333,3550,0.09380281690140845,9.380281690140846,10.66066066066066,8.575843420036055
8,0,1,DSB2,INTACT,CHRIII_L04,C_to_D,46,3550,0.012957746478873239,1.295774647887324,77.17391304347827,1.279199110122358
8,0,1,DSB2,INTACT,CHRIV_L01,C_to_D,31,3550,0.008732394366197183,0.8732394366197183,114.51612903225806,0.8656799776598716
8,0,1,DSB2,INTACT,CHRIV_L03,C_to_D,33,3550,0.009295774647887323,0.9295774647887324,107.57575757575758,0.9210159084566006
8,0,1,DSB2,INTACT,CHRIV_L06_2,C_to_D,59,3550,0.016619718309859154,1.6619718309859155,60.16949152542373,1.6348018841784429
8,0,1,DSB2,INTACT,CHRIV_L10_2,C_to_D,7,3550,0.001971830985915493,0.19718309859154928,507.14285714285717,0.1967950520101209
8,0,1,DSB2,INTACT,CHRIV_L12_2,C_to_D,296,3550,0.08338028169014085,8.338028169014084,11.993243243243244,7.696307852314092
8,0,1,DSB2,INTACT,CHRIV_L13,C_to_D,15,3550,0.004225352112676056,0.4225352112676056,236.66666666666666,0.42075736325385693
8,0,1,DSB2,INTACT,CHRIV_L15_2,C_to_D,87,3550,0.024507042253521127,2.4507042253521125,40.804597701149426,2.3920813857574923
8,0,1,DSB2,INTACT,CHRVII_990K,C_to_D,48,3550,0.013521126760563381,1.352112676056338,73.95833333333333,1.3340744858254585
8,0,1,DSB2,INTACT,CHRVII_L03,C_to_D,188,3550,0.05295774647887324,5.295774647887324,18.882978723404257,5.029427501337613
8,0,1,DSB2,INTACT,CHRVII_L06,C_to_D,83,3550,0.023380281690140847,2.3380281690140845,42.7710843373494,2.284613267272227
8,0,1,DSB2,INTACT,CHRVII_L09,C_to_D,12,3550,0.0033802816901408453,0.3380281690140845,295.8333333333333,0.3368893879842785
8,0,1,DSB2,INTACT,CHRXII_L01,C_to_D,1,3550,2.8169014084507044e-4,0.028169014084507043,3550,0.028161081385525203
8,0,1,DSB2,INTACT,CHRXII_L05,C_to_D,51,3550,0.01436619718309859,1.4366197183098592,69.6078431372549,1.4162732574284922
8,0,1,DSB2,INTACT,CHRXII_L07,C_to_D,96,3550,0.027042253521126762,2.704225352112676,36.979166666666664,2.633022490400439
8,0,1,DSB2,INTACT,CHRXII_L12,C_to_D,27,3550,0.007605633802816901,0.7605633802816901,131.4814814814815,0.7548224769359799
8,0,1,DSB2,INTACT,CHRXV_L01,C_to_D,7,3550,0.001971830985915493,0.19718309859154928,507.14285714285717,0.1967950520101209
8,0,1,DSB2,INTACT,CHRXV_L04,C_to_D,95,3550,0.02676056338028169,2.676056338028169,37.36842105263158,2.606310013717421
8,0,1,DSB2,INTACT,CHRXV_L15,C_to_D,38,3550,0.010704225352112675,1.0704225352112675,93.42105263157895,1.0590858416945375
8,0,1,DSB2,INTACT,CHRXV_L17_2,C_to_D,30,3550,0.008450704225352112,0.8450704225352113,118.33333333333333,0.8379888268156425
8,0,1,DSB2,INTACT,CHRXV_L18_1PERCENT_CONTROL,C_to_D,5,3550,0.0014084507042253522,0.14084507042253522,710,0.14064697609001406
8,0,1,DSB2,INTACT,COMMON,C_to_D,1044235,3550,294.1507042253521,29415.070422535213,0.0033996179021005806,99.66119003421504
8,0,1,DSB2,INTACT,NO_CUT,C_to_D,3550,3550,1,100,1,50
8,0,1,DSB2,SSA,CHRIII_L02,C_to_D,1,1624,6.157635467980296e-4,0.06157635467980296,1624,0.06153846153846154
8,0,1,DSB2,SSA,CHRIII_L03,C_to_D,2,1624,0.0012315270935960591,0.12315270935960591,812,0.12300123001230012
8,0,1,DSB2,SSA,CHRIII_L04,C_to_D,2,1624,0.0012315270935960591,0.12315270935960591,812,0.12300123001230012
8,0,1,DSB2,SSA,CHRIV_L06_2,C_to_D,1,1624,6.157635467980296e-4,0.06157635467980296,1624,0.06153846153846154
8,0,1,DSB2,SSA,CHRIV_L12_2,C_to_D,4,1624,0.0024630541871921183,0.24630541871921183,406,0.2457002457002457
8,0,1,DSB2,SSA,CHRIV_L15_2,C_to_D,3,1624,0.0018472906403940886,0.18472906403940886,541.3333333333334,0.18438844499078058
8,0,1,DSB2,SSA,CHRVII_L06,C_to_D,3,1624,0.0018472906403940886,0.18472906403940886,541.3333333333334,0.18438844499078058
8,0,1,DSB2,SSA,CHRXV_L01,C_to_D,1,1624,6.157635467980296e-4,0.06157635467980296,1624,0.06153846153846154
8,0,1,DSB2,SSA,CHRXV_L04,C_to_D,1,1624,6.157635467980296e-4,0.06157635467980296,1624,0.06153846153846154
8,0,1,DSB2,SSA,COMMON,C_to_D,6435,1624,3.9624384236453203,396.24384236453204,0.2523698523698524,79.8486164536543
8,0,1,DSB2,SSA,NO_CUT,C_to_D,1624,1624,1,100,1,50
8,0,1,TRANS,INTACT,CHRIII_L02,A_to_D,26,65,0.4,40,2.5,28.571428571428573
8,0,1,TRANS,INTACT,CHRIII_L02,C_to_B,2,8,0.25,25,4,20
8,0,1,TRANS,INTACT,CHRIII_L03,A_to_D,15,65,0.23076923076923078,23.076923076923077,4.333333333333333,18.75
8,0,1,TRANS,INTACT,CHRIII_L04,A_to_D,52,65,0.8,80,1.25,44.44444444444444
8,0,1,TRANS,INTACT,CHRIV_L01,A_to_D,28,65,0.4307692307692308,43.07692307692308,2.3214285714285716,30.107526881720432
8,0,1,TRANS,INTACT,CHRIV_L03,A_to_D,27,65,0.4153846153846154,41.53846153846154,2.4074074074074074,29.347826086956523
8,0,1,TRANS,INTACT,CHRIV_L06_2,A_to_D,30,65,0.46153846153846156,46.15384615384615,2.1666666666666665,31.57894736842105
8,0,1,TRANS,INTACT,CHRIV_L10_2,A_to_D,34,65,0.5230769230769231,52.30769230769231,1.911764705882353,34.343434343434346
8,0,1,TRANS,INTACT,CHRIV_L12_2,A_to_D,39,65,0.6,60,1.6666666666666667,37.5
8,0,1,TRANS,INTACT,CHRIV_L13,A_to_D,12,65,0.18461538461538463,18.46153846153846,5.416666666666667,15.584415584415584
8,0,1,TRANS,INTACT,CHRIV_L15_2,A_to_D,20,65,0.3076923076923077,30.76923076923077,3.25,23.529411764705884
8,0,1,TRANS,INTACT,CHRIV_L15_2,C_to_B,2,8,0.25,25,4,20
8,0,1,TRANS,INTACT,CHRVII_990K,A_to_D,17,65,0.26153846153846155,26.153846153846153,3.823529411764706,20.73170731707317
8,0,1,TRANS,INTACT,CHRVII_L03,A_to_D,17,65,0.26153846153846155,26.153846153846153,3.823529411764706,20.73170731707317
8,0,1,TRANS,INTACT,CHRVII_L06,A_to_D,32,65,0.49230769230769234,49.23076923076923,2.03125,32.98969072164948
8,0,1,TRANS,INTACT,CHRVII_L09,A_to_D,29,65,0.4461538461538462,44.61538461538461,2.2413793103448274,30.851063829787233
8,0,1,TRANS,INTACT,CHRXII_L01,A_to_D,18,65,0.27692307692307694,27.692307692307693,3.611111111111111,21.686746987951807
8,0,1,TRANS,INTACT,CHRXII_L05,A_to_D,24,65,0.36923076923076925,36.92307692307692,2.7083333333333335,26.96629213483146
8,0,1,TRANS,INTACT,CHRXII_L07,A_to_D,32,65,0.49230769230769234,49.23076923076923,2.03125,32.98969072164948
8,0,1,TRANS,INTACT,CHRXII_L12,A_to_D,36,65,0.5538461538461539,55.38461538461539,1.8055555555555556,35.64356435643565
8,0,1,TRANS,INTACT,CHRXV_L01,A_to_D,46,65,0.7076923076923077,70.76923076923077,1.4130434782608696,41.44144144144144
8,0,1,TRANS,INTACT,CHRXV_L15,A_to_D,16,65,0.24615384615384617,24.615384615384617,4.0625,19.753086419753085
8,0,1,TRANS,INTACT,CHRXV_L17_2,A_to_D,27,65,0.4153846153846154,41.53846153846154,2.4074074074074074,29.347826086956523
8,0,1,TRANS,INTACT,CHRXV_L18_1PERCENT_CONTROL,A_to_D,4,65,0.06153846153846154,6.153846153846154,16.25,5.797101449275362
8,0,1,TRANS,INTACT,COMMON,C_to_B,422,8,52.75,5275,0.018957345971563982,98.13953488372093
8,0,1,TRANS,INTACT,NO_CUT,A_to_D,65,65,1,100,1,50
8,0,1,TRANS,INTACT,NO_CUT,C_to_B,8,8,1,100,1,50
8,0,1,TRANS,SSA,CHRIII_L02,A_to_D,4,17,0.23529411764705882,23.529411764705884,4.25,19.047619047619047
8,0,1,TRANS,SSA,CHRIII_L02,C_to_B,1,3,0.3333333333333333,33.333333333333336,3,25
8,0,1,TRANS,SSA,CHRIII_L04,A_to_D,4,17,0.23529411764705882,23.529411764705884,4.25,19.047619047619047
8,0,1,TRANS,SSA,CHRIV_L01,A_to_D,3,17,0.17647058823529413,17.647058823529413,5.666666666666667,15
8,0,1,TRANS,SSA,CHRIV_L03,A_to_D,5,17,0.29411764705882354,29.41176470588235,3.4,22.727272727272727
8,0,1,TRANS,SSA,CHRIV_L06_2,A_to_D,4,17,0.23529411764705882,23.529411764705884,4.25,19.047619047619047
8,0,1,TRANS,SSA,CHRIV_L12_2,A_to_D,6,17,0.35294117647058826,35.294117647058826,2.8333333333333335,26.08695652173913
8,0,1,TRANS,SSA,CHRIV_L13,A_to_D,3,17,0.17647058823529413,17.647058823529413,5.666666666666667,15
8,0,1,TRANS,SSA,CHRIV_L15_2,A_to_D,2,17,0.11764705882352941,11.764705882352942,8.5,10.526315789473685
8,0,1,TRANS,SSA,CHRVII_990K,A_to_D,2,17,0.11764705882352941,11.764705882352942,8.5,10.526315789473685
8,0,1,TRANS,SSA,CHRVII_L03,A_to_D,3,17,0.17647058823529413,17.647058823529413,5.666666666666667,15
8,0,1,TRANS,SSA,CHRVII_L06,A_to_D,11,17,0.6470588235294118,64.70588235294117,1.5454545454545454,39.285714285714285
8,0,1,TRANS,SSA,CHRVII_L09,A_to_D,2,17,0.11764705882352941,11.764705882352942,8.5,10.526315789473685
8,0,1,TRANS,SSA,CHRXII_L01,A_to_D,1,17,0.058823529411764705,5.882352941176471,17,5.555555555555555
8,0,1,TRANS,SSA,CHRXII_L05,A_to_D,6,17,0.35294117647058826,35.294117647058826,2.8333333333333335,26.08695652173913
8,0,1,TRANS,SSA,CHRXII_L07,A_to_D,6,17,0.35294117647058826,35.294117647058826,2.8333333333333335,26.08695652173913
8,0,1,TRANS,SSA,CHRXII_L12,A_to_D,11,17,0.6470588235294118,64.70588235294117,1.5454545454545454,39.285714285714285
8,0,1,TRANS,SSA,CHRXV_L01,A_to_D,3,17,0.17647058823529413,17.647058823529413,5.666666666666667,15
8,0,1,TRANS,SSA,CHRXV_L15,A_to_D,2,17,0.11764705882352941,11.764705882352942,8.5,10.526315789473685
8,0,1,TRANS,SSA,CHRXV_L17_2,A_to_D,8,17,0.47058823529411764,47.05882352941177,2.125,32
8,0,1,TRANS,SSA,COMMON,C_to_B,97,3,32.333333333333336,3233.3333333333335,0.030927835051546393,97
8,0,1,TRANS,SSA,NO_CUT,A_to_D,17,17,1,100,1,50
8,0,1,TRANS,SSA,NO_CUT,C_to_B,3,3,1,100,1,50
8,180,1,DSB1,INTACT,CHRIII_L02,A_to_B,4458,11814,0.3773489080751651,37.73489080751651,2.6500672947510093,27.396755162241888
8,180,1,DSB1,INTACT,CHRIII_L03,A_to_B,17067,11814,1.4446419502285424,144.46419502285423,0.6922130427140095,59.094214189259375
8,180,1,DSB1,INTACT,CHRIII_L04,A_to_B,17488,11814,1.4802776367022177,148.02776367022176,0.6755489478499542,59.68193297385844
8,180,1,DSB1,INTACT,CHRIV_L01,A_to_B,6459,11814,0.5467242254951752,54.67242254951752,1.8290757083139806,35.347233623378756
8,180,1,DSB1,INTACT,CHRIV_L03,A_to_B,14814,11814,1.2539360081259523,125.39360081259522,0.7974888618874038,55.63316809373592
8,180,1,DSB1,INTACT,CHRIV_L06_2,A_to_B,9638,11814,0.8158117487726426,81.58117487726426,1.225772981946462,44.92821182174156
8,180,1,DSB1,INTACT,CHRIV_L10_2,A_to_B,7560,11814,0.6399187404773997,63.99187404773997,1.5626984126984127,39.02136884484361
8,180,1,DSB1,INTACT,CHRIV_L12_2,A_to_B,8425,11814,0.713136956153716,71.3136956153716,1.4022551928783382,41.62755076831859
8,180,1,DSB1,INTACT,CHRIV_L13,A_to_B,6711,11814,0.5680548501777553,56.80548501777552,1.7603933839964239,36.22672064777328
8,180,1,DSB1,INTACT,CHRIV_L15_2,A_to_B,5442,11814,0.4606399187404774,46.06399187404774,2.1708930540242557,31.536856745479835
8,180,1,DSB1,INTACT,CHRVII_990K,A_to_B,4919,11814,0.4163704079905197,41.637040799051974,2.401707664159382,29.396999940237855
8,180,1,DSB1,INTACT,CHRVII_L03,A_to_B,3982,11814,0.3370577281191806,33.70577281191807,2.9668508287292816,25.20891364902507
8,180,1,DSB1,INTACT,CHRVII_L06,A_to_B,17018,11814,1.4404943287624852,144.04943287624852,0.6942061346809261,59.02469478357381
8,180,1,DSB1,INTACT,CHRVII_L09,A_to_B,10134,11814,0.8577958354494667,85.77958354494668,1.1657785671995264,46.17277200656096
8,180,1,DSB1,INTACT,CHRXII_L01,A_to_B,6259,11814,0.5297951582867784,52.97951582867784,1.8875219683655535,34.63177115033476
8,180,1,DSB1,INTACT,CHRXII_L05,A_to_B,6652,11814,0.5630607753512782,56.30607753512781,1.776007215874925,36.022961117729885
8,180,1,DSB1,INTACT,CHRXII_L07,A_to_B,9162,11814,0.7755205688166582,77.55205688166582,1.289456450556647,43.67848970251716
8,180,1,DSB1,INTACT,CHRXII_L12,A_to_B,25576,11814,2.164889114609785,216.4889114609785,0.4619174225836722,68.40331639475795
8,180,1,DSB1,INTACT,CHRXV_L01,A_to_B,19659,11814,1.664042661249365,166.40426612493653,0.6009461315428049,62.46306357830522
8,180,1,DSB1,INTACT,CHRXV_L04,A_to_B,11,11814,9.31098696461825e-4,0.0931098696461825,1074,0.09302325581395349
8,180,1,DSB1,INTACT,CHRXV_L15,A_to_B,10683,11814,0.904266124936516,90.4266124936516,1.1058691378826173,47.48633151086812
8,180,1,DSB1,INTACT,CHRXV_L17_2,A_to_B,9245,11814,0.7825461317081429,78.2546131708143,1.277879935100054,43.900470107792394
8,180,1,DSB1,INTACT,CHRXV_L18_1PERCENT_CONTROL,A_to_B,1318,11814,0.11156255290333503,11.156255290333503,8.963581183611533,10.036551934206518
8,180,1,DSB1,INTACT,COMMON,A_to_B,24,11814,0.002031488065007618,0.2031488065007618,492.25,0.20273694880892043
8,180,1,DSB1,INTACT,NO_CUT,A_to_B,11814,11814,1,100,1,50
8,180,1,DSB1,SSA,CHRIII_L02,A_to_B,25254,127246,0.1984659635666347,19.846596356663472,5.038647342995169,16.56
8,180,1,DSB1,SSA,CHRIII_L03,A_to_B,81255,127246,0.6385662417679141,63.856624176791414,1.5660082456464217,38.97103611013856
8,180,1,DSB1,SSA,CHRIII_L04,A_to_B,53064,127246,0.4170190025619666,41.70190025619666,2.3979722599125584,29.42931617769397
8,180,1,DSB1,SSA,CHRIV_L01,A_to_B,41666,127246,0.32744447762601575,32.744447762601574,3.053952863245812,24.667282371885953
8,180,1,DSB1,SSA,CHRIV_L03,A_to_B,77241,127246,0.6070210458481996,60.702104584819956,1.6473893398583654,37.77306136820434
8,180,1,DSB1,SSA,CHRIV_L06_2,A_to_B,53336,127246,0.41915659431337726,41.91565943133772,2.385743212839358,29.535612630273228
8,180,1,DSB1,SSA,CHRIV_L10_2,A_to_B,35991,127246,0.2828458261949295,28.28458261949295,3.5354949848573254,22.048310125768054
8,180,1,DSB1,SSA,CHRIV_L12_2,A_to_B,33400,127246,0.2624836930041023,26.24836930041023,3.809760479041916,20.79105611095203
8,180,1,DSB1,SSA,CHRIV_L13,A_to_B,32377,127246,0.2544441475567012,25.44441475567012,3.9301355900793773,20.283417803198788
8,180,1,DSB1,SSA,CHRIV_L15_2,A_to_B,33552,127246,0.26367822957106707,26.367822957106707,3.7925011921793037,20.865931168298115
8,180,1,DSB1,SSA,CHRVII_990K,A_to_B,26341,127246,0.2070084717790736,20.70084717790736,4.8307201700770666,17.1505400847728
8,180,1,DSB1,SSA,CHRVII_L03,A_to_B,24310,127246,0.19104726278232714,19.104726278232715,5.234306869600987,16.040275541713953
8,180,1,DSB1,SSA,CHRVII_L06,A_to_B,95233,127246,0.7484164531694513,74.84164531694513,1.3361544842649082,42.805388373734154
8,180,1,DSB1,SSA,CHRVII_L09,A_to_B,63017,127246,0.49523757131854834,49.52375713185483,2.0192329054064775,33.12099567440858
8,180,1,DSB1,SSA,CHRXII_L01,A_to_B,39101,127246,0.3072866730584851,30.728667305848514,3.2542901716068644,23.505683901723504
8,180,1,DSB1,SSA,CHRXII_L05,A_to_B,24443,127246,0.19209248227842132,19.20924822784213,5.205825798797202,16.113890921556607
8,180,1,DSB1,SSA,CHRXII_L07,A_to_B,36781,127246,0.2890542728258649,28.905427282586487,3.459557923928115,22.423747309894104
8,180,1,DSB1,SSA,CHRXII_L12,A_to_B,114316,127246,0.8983858038759568,89.83858038759568,1.113107526505476,47.323668457787235
8,180,1,DSB1,SSA,CHRXV_L01,A_to_B,164758,127246,1.294799050657781,129.4799050657781,0.772320615690892,56.423199682196135
8,180,1,DSB1,SSA,CHRXV_L04,A_to_B,63,127246,4.951039718340852e-4,0.049510397183408515,2019.7777777777778,0.049485896519491944
8,180,1,DSB1,SSA,CHRXV_L15,A_to_B,31676,127246,0.24893513352089652,24.893513352089652,4.017110746306352,19.93179043807654
8,180,1,DSB1,SSA,CHRXV_L17_2,A_to_B,53538,127246,0.4207440705405278,42.07440705405278,2.3767417535208635,29.61434640233649
8,180,1,DSB1,SSA,CHRXV_L18_1PERCENT_CONTROL,A_to_B,9409,127246,0.07394338525376043,7.394338525376043,13.523860133914337,6.885221909187369
8,180,1,DSB1,SSA,COMMON,A_to_B,85,127246,6.679974223158292e-4,0.06679974223158291,1497.0117647058823,0.066755149963481
8,180,1,DSB1,SSA,NO_CUT,A_to_B,127246,127246,1,100,1,50
8,180,1,DSB2,INTACT,CHRIII_L02,C_to_D,31,5283,0.005867878099564641,0.5867878099564642,170.41935483870967,0.5833646970267219
8,180,1,DSB2,INTACT,CHRIII_L03,C_to_D,147,5283,0.027825099375354913,2.782509937535491,35.93877551020408,2.707182320441989
8,180,1,DSB2,INTACT,CHRIII_L04,C_to_D,25,5283,0.00473215975771342,0.47321597577134206,211.32,0.47098718914845517
8,180,1,DSB2,INTACT,CHRIV_L01,C_to_D,22,5283,0.00416430058678781,0.416430058678781,240.13636363636363,0.41470311027332707
8,180,1,DSB2,INTACT,CHRIV_L03,C_to_D,14,5283,0.0026500094643195156,0.26500094643195155,377.35714285714283,0.2643005474797055
8,180,1,DSB2,INTACT,CHRIV_L06_2,C_to_D,24,5283,0.004542873367404884,0.4542873367404884,220.125,0.4522328999434709
8,180,1,DSB2,INTACT,CHRIV_L10_2,C_to_D,4,5283,7.571455612341472e-4,0.07571455612341473,1320.75,0.07565727255532438
8,180,1,DSB2,INTACT,CHRIV_L12_2,C_to_D,128,5283,0.02422865795949271,2.422865795949271,41.2734375,2.3655516540380708
8,180,1,DSB2,INTACT,CHRIV_L13,C_to_D,8,5283,0.0015142911224682945,0.15142911224682945,660.375,0.1512001512001512
8,180,1,DSB2,INTACT,CHRIV_L15_2,C_to_D,63,5283,0.01192504258943782,1.192504258943782,83.85714285714286,1.1784511784511784
8,180,1,DSB2,INTACT,CHRVII_990K,C_to_D,13,5283,0.0024607230740109785,0.24607230740109787,406.38461538461536,0.24546827794561935
8,180,1,DSB2,INTACT,CHRVII_L03,C_to_D,76,5283,0.014385765663448798,1.4385765663448797,69.51315789473684,1.4181750326553462
8,180,1,DSB2,INTACT,CHRVII_L06,C_to_D,21,5283,0.003975014196479273,0.3975014196479273,251.57142857142858,0.39592760180995473
8,180,1,DSB2,INTACT,CHRVII_L09,C_to_D,7,5283,0.0013250047321597578,0.13250047321597577,754.7142857142857,0.1323251417769376
8,180,1,DSB2,INTACT,CHRXII_L01,C_to_D,1,5283,1.892863903085368e-4,0.01892863903085368,5283,0.018925056775170326
8,180,1,DSB2,INTACT,CHRXII_L05,C_to_D,33,5283,0.006246450880181715,0.6246450880181715,160.0909090909091,0.6207674943566591
8,180,1,DSB2,INTACT,CHRXII_L07,C_to_D,30,5283,0.0056785917092561046,0.5678591709256104,176.1,0.564652738565782
8,180,1,DSB2,INTACT,CHRXII_L12,C_to_D,14,5283,0.0026500094643195156,0.26500094643195155,377.35714285714283,0.2643005474797055
8,180,1,DSB2,INTACT,CHRXV_L01,C_to_D,1,5283,1.892863903085368e-4,0.01892863903085368,5283,0.018925056775170326
8,180,1,DSB2,INTACT,CHRXV_L04,C_to_D,56,5283,0.010600037857278062,1.0600037857278062,94.33928571428571,1.0488855590934631
8,180,1,DSB2,INTACT,CHRXV_L15,C_to_D,16,5283,0.003028582244936589,0.3028582244936589,330.1875,0.30194376297414605
8,180,1,DSB2,INTACT,CHRXV_L17_2,C_to_D,4,5283,7.571455612341472e-4,0.07571455612341473,1320.75,0.07565727255532438
8,180,1,DSB2,INTACT,CHRXV_L18_1PERCENT_CONTROL,C_to_D,3,5283,5.678591709256105e-4,0.05678591709256105,1761,0.056753688989784334
8,180,1,DSB2,INTACT,COMMON,C_to_D,527722,5283,99.89059246640167,9989.059246640167,0.010010952736478677,99.0088273093123
8,180,1,DSB2,INTACT,NO_CUT,C_to_D,5283,5283,1,100,1,50
8,180,1,DSB2,SSA,CHRIII_L02,C_to_D,68,34704,0.001959428307976026,0.19594283079760258,510.3529411764706,0.19555964569193604
8,180,1,DSB2,SSA,CHRIII_L03,C_to_D,508,34704,0.014638082065467958,1.4638082065467957,68.31496062992126,1.4426899920481655
8,180,1,DSB2,SSA,CHRIII_L04,C_to_D,105,34704,0.003025587828492393,0.30255878284923926,330.51428571428573,0.30164612600189605
8,180,1,DSB2,SSA,CHRIV_L01,C_to_D,54,34704,0.0015560165975103733,0.15560165975103735,642.6666666666666,0.15535991714137753
8,180,1,DSB2,SSA,CHRIV_L03,C_to_D,41,34704,0.001181420009220839,0.1181420009220839,846.439024390244,0.1180025903007627
8,180,1,DSB2,SSA,CHRIV_L06_2,C_to_D,91,34704,0.0026221761180267402,0.26221761180267406,381.3626373626374,0.2615318292858169
8,180,1,DSB2,SSA,CHRIV_L10_2,C_to_D,14,34704,4.0341171046565235e-4,0.04034117104656524,2478.8571428571427,0.040324903508266605
8,180,1,DSB2,SSA,CHRIV_L12_2,C_to_D,365,34704,0.01051751959428308,1.051751959428308,95.07945205479452,1.0408052696113377
8,180,1,DSB2,SSA,CHRIV_L13,C_to_D,34,34704,9.79714153988013e-4,0.09797141539880129,1020.7058823529412,0.09787552536127583
8,180,1,DSB2,SSA,CHRIV_L15_2,C_to_D,148,34704,0.0042646380820654676,0.4264638082065468,234.48648648648648,0.4246528176288305
8,180,1,DSB2,SSA,CHRVII_990K,C_to_D,59,34704,0.0017000922083909636,0.17000922083909636,588.2033898305085,0.16972068003336882
8,180,1,DSB2,SSA,CHRVII_L03,C_to_D,297,34704,0.008558091286307055,0.8558091286307054,116.84848484848484,0.848547184366161
8,180,1,DSB2,SSA,CHRVII_L06,C_to_D,87,34704,0.0025069156293222685,0.25069156293222683,398.8965517241379,0.25006467189790466
8,180,1,DSB2,SSA,CHRVII_L09,C_to_D,12,34704,3.4578146611341634e-4,0.034578146611341634,2892,0.034566194262011754
8,180,1,DSB2,SSA,CHRXII_L01,C_to_D,1,34704,2.8815122176118026e-5,0.002881512217611803,34704,0.0028814291888776835
8,180,1,DSB2,SSA,CHRXII_L05,C_to_D,98,34704,0.0028238819732595666,0.28238819732595666,354.1224489795918,0.28159301189586805
8,180,1,DSB2,SSA,CHRXII_L07,C_to_D,146,34704,0.004207007837713232,0.4207007837713232,237.6986301369863,0.41893830703012913
8,180,1,DSB2,SSA,CHRXII_L12,C_to_D,68,34704,0.001959428307976026,0.19594283079760258,510.3529411764706,0.19555964569193604
8,180,1,DSB2,SSA,CHRXV_L01,C_to_D,7,34704,2.0170585523282618e-4,0.02017058552328262,4957.714285714285,0.02016651781855896
8,180,1,DSB2,SSA,CHRXV_L04,C_to_D,212,34704,0.006108805901337022,0.6108805901337022,163.69811320754718,0.6071714973078245
8,180,1,DSB2,SSA,CHRXV_L15,C_to_D,87,34704,0.0025069156293222685,0.25069156293222683,398.8965517241379,0.25006467189790466
8,180,1,DSB2,SSA,CHRXV_L17_2,C_to_D,16,34704,4.610419548178884e-4,0.046104195481788846,2169,0.04608294930875576
8,180,1,DSB2,SSA,CHRXV_L18_1PERCENT_CONTROL,C_to_D,33,34704,9.508990318118949e-4,0.09508990318118948,1051.6363636363637,0.09499956818378098
8,180,1,DSB2,SSA,COMMON,C_to_D,1155167,34704,33.28627823881973,3328.627823881973,0.03004240945248609,97.0833813077216
8,180,1,DSB2,SSA,NO_CUT,C_to_D,34704,34704,1,100,1,50
8,180,1,TRANS,INTACT,CHRIII_L02,A_to_D,396,363,1.0909090909090908,109.0909090909091,0.9166666666666666,52.17391304347826
8,180,1,TRANS,INTACT,CHRIII_L02,C_to_B,4,58,0.06896551724137931,6.896551724137931,14.5,6.451612903225806
8,180,1,TRANS,INTACT,CHRIII_L03,A_to_D,698,363,1.9228650137741048,192.28650137741047,0.5200573065902578,65.78699340245052
8,180,1,TRANS,INTACT,CHRIII_L03,C_to_B,1,58,0.017241379310344827,1.7241379310344827,58,1.694915254237288
8,180,1,TRANS,INTACT,CHRIII_L04,A_to_D,1106,363,3.046831955922865,304.6831955922865,0.3282097649186257,75.28931245745405
8,180,1,TRANS,INTACT,CHRIV_L01,A_to_D,946,363,2.606060606060606,260.6060606060606,0.38372093023255816,72.26890756302521
8,180,1,TRANS,INTACT,CHRIV_L03,A_to_D,1529,363,4.212121212121212,421.2121212121212,0.23741007194244604,80.81395348837209
8,180,1,TRANS,INTACT,CHRIV_L06_2,A_to_D,945,363,2.603305785123967,260.3305785123967,0.38412698412698415,72.24770642201835
8,180,1,TRANS,INTACT,CHRIV_L10_2,A_to_D,709,363,1.953168044077135,195.3168044077135,0.5119887165021156,66.13805970149254
8,180,1,TRANS,INTACT,CHRIV_L12_2,A_to_D,528,363,1.4545454545454546,145.45454545454547,0.6875,59.25925925925926
8,180,1,TRANS,INTACT,CHRIV_L12_2,C_to_B,1,58,0.017241379310344827,1.7241379310344827,58,1.694915254237288
8,180,1,TRANS,INTACT,CHRIV_L13,A_to_D,697,363,1.9201101928374655,192.01101928374655,0.5208034433285509,65.75471698113208
8,180,1,TRANS,INTACT,CHRIV_L15_2,A_to_D,689,363,1.8980716253443526,189.80716253443526,0.5268505079825835,65.49429657794677
8,180,1,TRANS,INTACT,CHRIV_L15_2,C_to_B,4,58,0.06896551724137931,6.896551724137931,14.5,6.451612903225806
8,180,1,TRANS,INTACT,CHRVII_990K,A_to_D,579,363,1.5950413223140496,159.50413223140495,0.6269430051813472,61.46496815286624
8,180,1,TRANS,INTACT,CHRVII_L03,A_to_D,443,363,1.2203856749311295,122.03856749311295,0.8194130925507901,54.96277915632754
8,180,1,TRANS,INTACT,CHRVII_L03,C_to_B,1,58,0.017241379310344827,1.7241379310344827,58,1.694915254237288
8,180,1,TRANS,INTACT,CHRVII_L06,A_to_D,1815,363,5,500,0.2,83.33333333333333
8,180,1,TRANS,INTACT,CHRVII_L09,A_to_D,1691,363,4.658402203856749,465.8402203856749,0.21466587817859256,82.3271665043817
8,180,1,TRANS,INTACT,CHRXII_L01,A_to_D,582,363,1.603305785123967,160.3305785123967,0.6237113402061856,61.58730158730159
8,180,1,TRANS,INTACT,CHRXII_L05,A_to_D,495,363,1.3636363636363635,136.36363636363637,0.7333333333333333,57.69230769230769
8,180,1,TRANS,INTACT,CHRXII_L07,A_to_D,506,363,1.393939393939394,139.3939393939394,0.717391304347826,58.22784810126582
8,180,1,TRANS,INTACT,CHRXII_L12,A_to_D,2855,363,7.865013774104683,786.5013774104683,0.12714535901926444,88.7197016780609
8,180,1,TRANS,INTACT,CHRXV_L01,A_to_D,5302,363,14.606060606060606,1460.6060606060605,0.06846473029045644,93.59223300970874
8,180,1,TRANS,INTACT,CHRXV_L04,A_to_D,3,363,0.008264462809917356,0.8264462809917356,121,0.819672131147541
8,180,1,TRANS,INTACT,CHRXV_L15,A_to_D,412,363,1.1349862258953167,113.49862258953168,0.8810679611650486,53.16129032258065
8,180,1,TRANS,INTACT,CHRXV_L17_2,A_to_D,947,363,2.608815426997245,260.8815426997245,0.3833157338965153,72.29007633587786
8,180,1,TRANS,INTACT,CHRXV_L18_1PERCENT_CONTROL,A_to_D,25,363,0.06887052341597796,6.887052341597796,14.52,6.443298969072165
8,180,1,TRANS,INTACT,COMMON,A_to_D,1,363,0.0027548209366391185,0.27548209366391185,363,0.27472527472527475
8,180,1,TRANS,INTACT,COMMON,C_to_B,9081,58,156.56896551724137,15656.896551724138,0.006386961788349301,99.3653572600941
8,180,1,TRANS,INTACT,NO_CUT,A_to_D,363,363,1,100,1,50
8,180,1,TRANS,INTACT,NO_CUT,C_to_B,58,58,1,100,1,50
8,180,1,TRANS,SSA,CHRIII_L02,A_to_D,2267,1284,1.7655763239875388,176.5576323987539,0.5663872959858844,63.84117150098564
8,180,1,TRANS,SSA,CHRIII_L02,C_to_B,10,190,0.05263157894736842,5.2631578947368425,19,5
8,180,1,TRANS,SSA,CHRIII_L03,A_to_D,3719,1284,2.896417445482866,289.6417445482866,0.34525410056466793,74.33539876074356
8,180,1,TRANS,SSA,CHRIII_L03,C_to_B,13,190,0.06842105263157895,6.842105263157895,14.615384615384615,6.403940886699507
8,180,1,TRANS,SSA,CHRIII_L04,A_to_D,5291,1284,4.120716510903427,412.0716510903427,0.2426762426762427,80.471482889733835
8,180,1,TRANS,SSA,CHRIII_L04,C_to_B,1,190,0.005263157894736842,0.5263157894736842,190,0.5235602094240838
8,180,1,TRANS,SSA,CHRIV_L01,A_to_D,6280,1284,4.890965732087228,489.09657320872276,0.20445859872611466,83.02485457429931
8,180,1,TRANS,SSA,CHRIV_L03,A_to_D,10287,1284,8.011682242990654,801.1682242990654,0.12481773111694372,88.90329271454499
8,180,1,TRANS,SSA,CHRIV_L03,C_to_B,1,190,0.005263157894736842,0.5263157894736842,190,0.5235602094240838
8,180,1,TRANS,SSA,CHRIV_L06_2,A_to_D,6206,1284,4.833333333333333,483.3333333333333,0.20689655172413793,82.85714285714286
8,180,1,TRANS,SSA,CHRIV_L06_2,C_to_B,2,190,0.010526315789473684,1.0526315789473684,95,1.0416666666666667
8,180,1,TRANS,SSA,CHRIV_L10_2,A_to_D,3808,1284,2.965732087227414,296.5732087227414,0.33718487394957986,74.78397486252946
8,180,1,TRANS,SSA,CHRIV_L10_2,C_to_B,1,190,0.005263157894736842,0.5263157894736842,190,0.5235602094240838
8,180,1,TRANS,SSA,CHRIV_L12_2,A_to_D,2770,1284,2.1573208722741435,215.73208722741433,0.4635379061371841,68.32757770103602
8,180,1,TRANS,SSA,CHRIV_L12_2,C_to_B,5,190,0.02631578947368421,2.6315789473684212,38,2.5641025641025643
8,180,1,TRANS,SSA,CHRIV_L13,A_to_D,4615,1284,3.594236760124611,359.42367601246104,0.27822318526543877,78.23359891507035
8,180,1,TRANS,SSA,CHRIV_L13,C_to_B,1,190,0.005263157894736842,0.5263157894736842,190,0.5235602094240838
8,180,1,TRANS,SSA,CHRIV_L15_2,A_to_D,4400,1284,3.426791277258567,342.6791277258567,0.2918181818181818,77.41027445460944
8,180,1,TRANS,SSA,CHRIV_L15_2,C_to_B,14,190,0.07368421052631578,7.368421052631579,13.571428571428571,6.862745098039215
8,180,1,TRANS,SSA,CHRVII_990K,A_to_D,3384,1284,2.635514018691589,263.5514018691589,0.37943262411347517,72.49357326478149
8,180,1,TRANS,SSA,CHRVII_990K,C_to_B,1,190,0.005263157894736842,0.5263157894736842,190,0.5235602094240838
8,180,1,TRANS,SSA,CHRVII_L03,A_to_D,3042,1284,2.369158878504673,236.9158878504673,0.42209072978303747,70.31900138696255
8,180,1,TRANS,SSA,CHRVII_L03,C_to_B,9,190,0.04736842105263158,4.7368421052631575,21.11111111111111,4.522613065326633
8,180,1,TRANS,SSA,CHRVII_L06,A_to_D,11216,1284,8.735202492211839,873.5202492211838,0.1144793152639087,89.728
8,180,1,TRANS,SSA,CHRVII_L06,C_to_B,2,190,0.010526315789473684,1.0526315789473684,95,1.0416666666666667
8,180,1,TRANS,SSA,CHRVII_L09,A_to_D,11176,1284,8.70404984423676,870.4049844236761,0.1148890479599141,89.69502407704655
8,180,1,TRANS,SSA,CHRXII_L01,A_to_D,3554,1284,2.7679127725856696,276.791277258567,0.36128306133933596,73.46010748243076
8,180,1,TRANS,SSA,CHRXII_L05,A_to_D,2934,1284,2.2850467289719627,228.50467289719626,0.4376278118609407,69.55903271692745
8,180,1,TRANS,SSA,CHRXII_L05,C_to_B,4,190,0.021052631578947368,2.1052631578947367,47.5,2.0618556701030926
8,180,1,TRANS,SSA,CHRXII_L07,A_to_D,2263,1284,1.7624610591900312,176.24610591900313,0.5673884224480777,63.80039469974626
8,180,1,TRANS,SSA,CHRXII_L07,C_to_B,2,190,0.010526315789473684,1.0526315789473684,95,1.0416666666666667
8,180,1,TRANS,SSA,CHRXII_L12,A_to_D,19413,1284,15.119158878504672,1511.9158878504672,0.06614124555710091,93.7962023481664
8,180,1,TRANS,SSA,CHRXII_L12,C_to_B,1,190,0.005263157894736842,0.5263157894736842,190,0.5235602094240838
8,180,1,TRANS,SSA,CHRXV_L01,A_to_D,34978,1284,27.241433021806852,2724.143302180685,0.036708788381268224,96.45910319342562
8,180,1,TRANS,SSA,CHRXV_L04,A_to_D,4,1284,0.003115264797507788,0.3115264797507788,321,0.3105590062111801
8,180,1,TRANS,SSA,CHRXV_L04,C_to_B,1,190,0.005263157894736842,0.5263157894736842,190,0.5235602094240838
8,180,1,TRANS,SSA,CHRXV_L15,A_to_D,2408,1284,1.8753894080996885,187.53894080996884,0.5332225913621262,65.22210184182015
8,180,1,TRANS,SSA,CHRXV_L17_2,A_to_D,5158,1284,4.017133956386293,401.71339563862927,0.24893369523070957,80.06830176963676
8,180,1,TRANS,SSA,CHRXV_L17_2,C_to_B,1,190,0.005263157894736842,0.5263157894736842,190,0.5235602094240838
8,180,1,TRANS,SSA,CHRXV_L18_1PERCENT_CONTROL,A_to_D,122,1284,0.09501557632398754,9.501557632398754,10.524590163934427,8.677098150782362
8,180,1,TRANS,SSA,CHRXV_L18_1PERCENT_CONTROL,C_to_B,3,190,0.015789473684210527,1.5789473684210527,63.333333333333336,1.5544041450777202
8,180,1,TRANS,SSA,COMMON,A_to_D,11,1284,0.008566978193146417,0.8566978193146417,116.72727272727273,0.8494208494208494
8,180,1,TRANS,SSA,COMMON,C_to_B,70029,190,368.5736842105263,36857.36842105263,0.002713161690156935,99.72941796379897
8,180,1,TRANS,SSA,NO_CUT,A_to_D,1284,1284,1,100,1,50
8,180,1,TRANS,SSA,NO_CUT,C_to_B,190,190,1,100,1,50
