DSB,state,location_bin,PD_TRANS_Freq,ThreeC_TRANS_Freq,Freq4C,joint_signal
TRANS,Cut DSB,chrIII:150001-160000,0.01192252525565221,0,0,0.01192252525565221
TRANS,Cut DSB,chrIII:250001-260000,0.029423479759361874,0,0,0.029423479759361874
TRANS,Cut DSB,chrIII:280001-290000,0.05048241133434459,0,0,0.05048241133434459
TRANS,Cut DSB,chrIV:90001-100000,0.024616908646255764,0,0,0.024616908646255764
TRANS,Cut DSB,chrIV:290001-300000,0.03433530425450681,0,0,0.03433530425450681
TRANS,Cut DSB,chrIV:640001-650000,0.029520477974181964,0,0,0.029520477974181964
TRANS,Cut DSB,chrIV:1020001-1030000,0.0477664613193821,0,0,0.0477664613193821
TRANS,Cut DSB,chrIV:1210001-1220000,0.019187072408135466,0,0,0.019187072408135466
TRANS,Cut DSB,chrIV:1330001-1340000,0.020615216336975925,0,0,0.020615216336975925
TRANS,Cut DSB,chrIV:1520001-1530000,0.021349926219442983,0,0,0.021349926219442983
TRANS,Cut DSB,NA,0.01830789709934062,0.022220862836256863,0,0.040528759935597486
TRANS,Cut DSB,NA,0.01830789709934062,0.017510590466286377,0,0.035818487565627
TRANS,Cut DSB,NA,0.01830789709934062,0.013809662175595283,0,0.032117559274935904
TRANS,Cut DSB,NA,0.01830789709934062,0.05354111547813852,0,0.07184901257747914
TRANS,Cut DSB,NA,0.01830789709934062,0.05834314640077077,0,0.07665104350011138
TRANS,Cut DSB,NA,0.01830789709934062,3.670342106470507e-4,0,0.01867493130998767
TRANS,Cut DSB,NA,0.01830789709934062,0.03797274770985946,0,0.05628064480920007
TRANS,Cut DSB,NA,0.01830789709934062,0.036657541788374194,0,0.05496543888771481
TRANS,Cut DSB,NA,0.01830789709934062,8.41120066066158e-4,0,0.019149017165406776
TRANS,Cut DSB,NA,0.01830789709934062,0.05159889278013122,0,0.06990678987947184
TRANS,Cut DSB,NA,0.01830789709934062,0.015308385202404073,0,0.033616282301744696
TRANS,Cut DSB,NA,0.01830789709934062,0.13679670892657786,0,0.15510460602591847
TRANS,Cut DSB,NA,0.01830789709934062,1.2234473688235023e-4,0,0.01843024183622297
TRANS,Cut DSB,NA,0.01830789709934062,0.08369909311963786,0,0.10200699021897848
TRANS,Cut DSB,NA,0.01830789709934062,0.05233296120142532,0,0.07064085830076594
TRANS,Cut DSB,NA,0.01830789709934062,0.056064475676336996,0,0.07437237277567761
TRANS,Cut DSB,NA,0.01830789709934062,0.03850800593371974,0,0.05681590303306036
TRANS,Cut DSB,NA,0.01830789709934062,0.07466087568245423,0,0.09296877278179486
TRANS,Cut DSB,NA,0.01830789709934062,0.018275245071801068,0,0.03658314217114168
TRANS,Cut DSB,NA,0.01830789709934062,0.036152869748734495,0,0.05446076684807512
TRANS,Cut DSB,NA,0.01830789709934062,0.02527948125831562,0,0.043587378357656234
TRANS,Cut DSB,NA,0.01830789709934062,0.016608298031779045,0,0.03491619513111967
TRANS,Cut DSB,NA,0.01830789709934062,0.05455045955741791,0,0.07285835665675854
TRANS,Cut DSB,NA,0.01830789709934062,0.0223737937573598,0,0.04068169085670042
TRANS,Cut DSB,NA,0.01830789709934062,0.016975332242426096,0,0.03528322934176671
TRANS,Cut DSB,NA,0.01830789709934062,0.05942895594060163,0,0.07773685303994225
TRANS,Cut DSB,chrVII:360001-370000,0.019517279096884707,0,0,0.019517279096884707
TRANS,Cut DSB,chrVII:730001-740000,0.03975275774179901,0,0,0.03975275774179901
TRANS,Cut DSB,chrVII:1080001-1090000,0.03236644687283947,0,0,0.03236644687283947
TRANS,Cut DSB,chrXII:60001-70000,0.018644295163503907,0,0,0.018644295163503907
TRANS,Cut DSB,chrXII:450001-460000,0.0398972231681268,0,0,0.0398972231681268
TRANS,Cut DSB,chrXII:620001-630000,0.028154247799481988,0,0,0.028154247799481988
TRANS,Cut DSB,chrXII:1070001-1080000,0.051929129389427196,0,0,0.051929129389427196
TRANS,Cut DSB,chrXV:50001-60000,0.11490573630932112,0,0,0.11490573630932112
TRANS,Cut DSB,chrXV:230001-240000,3.0956877070241155e-5,0,0,3.0956877070241155e-5
TRANS,Cut DSB,chrXV:880001-890000,0.013651982787976349,0,0,0.013651982787976349
TRANS,Cut DSB,chrXV:1030001-1040000,0.025264939272926147,0,0,0.025264939272926147
TRANS,Cut DSB,chrXV:1080001-1090000,4.7054453146766554e-4,0,0,4.7054453146766554e-4
TRANS,Cut DSB,NA,0.3016087257117502,0.022220862836256863,0,0.32382958854800703
TRANS,Cut DSB,NA,0.3016087257117502,0.017510590466286377,0,0.31911931617803657
TRANS,Cut DSB,NA,0.3016087257117502,0.013809662175595283,0,0.31541838788734544
TRANS,Cut DSB,NA,0.3016087257117502,0.05354111547813852,0,0.3551498411898887
TRANS,Cut DSB,NA,0.3016087257117502,0.05834314640077077,0,0.35995187211252094
TRANS,Cut DSB,NA,0.3016087257117502,3.670342106470507e-4,0,0.3019757599223972
TRANS,Cut DSB,NA,0.3016087257117502,0.03797274770985946,0,0.33958147342160966
TRANS,Cut DSB,NA,0.3016087257117502,0.036657541788374194,0,0.3382662675001244
TRANS,Cut DSB,NA,0.3016087257117502,8.41120066066158e-4,0,0.30244984577781636
TRANS,Cut DSB,NA,0.3016087257117502,0.05159889278013122,0,0.3532076184918814
TRANS,Cut DSB,NA,0.3016087257117502,0.015308385202404073,0,0.31691711091415425
TRANS,Cut DSB,NA,0.3016087257117502,0.13679670892657786,0,0.43840543463832804
TRANS,Cut DSB,NA,0.3016087257117502,1.2234473688235023e-4,0,0.3017310704486325
TRANS,Cut DSB,NA,0.3016087257117502,0.08369909311963786,0,0.38530781883138804
TRANS,Cut DSB,NA,0.3016087257117502,0.05233296120142532,0,0.3539416869131755
TRANS,Cut DSB,NA,0.3016087257117502,0.056064475676336996,0,0.35767320138808717
TRANS,Cut DSB,NA,0.3016087257117502,0.03850800593371974,0,0.3401167316454699
TRANS,Cut DSB,NA,0.3016087257117502,0.07466087568245423,0,0.3762696013942044
TRANS,Cut DSB,NA,0.3016087257117502,0.018275245071801068,0,0.31988397078355124
TRANS,Cut DSB,NA,0.3016087257117502,0.036152869748734495,0,0.3377615954604847
TRANS,Cut DSB,NA,0.3016087257117502,0.02527948125831562,0,0.3268882069700658
TRANS,Cut DSB,NA,0.3016087257117502,0.016608298031779045,0,0.3182170237435292
TRANS,Cut DSB,NA,0.3016087257117502,0.05455045955741791,0,0.3561591852691681
TRANS,Cut DSB,NA,0.3016087257117502,0.0223737937573598,0,0.32398251946911
TRANS,Cut DSB,NA,0.3016087257117502,0.016975332242426096,0,0.31858405795417627
TRANS,Cut DSB,NA,0.3016087257117502,0.05942895594060163,0,0.36103768165235184
TRANS,Cut DSB,NA,0.006278054669844906,0.022220862836256863,0,0.02849891750610177
TRANS,Cut DSB,NA,0.006278054669844906,0.017510590466286377,0,0.023788645136131284
TRANS,Cut DSB,NA,0.006278054669844906,0.013809662175595283,0,0.02008771684544019
TRANS,Cut DSB,NA,0.006278054669844906,0.05354111547813852,0,0.05981917014798343
TRANS,Cut DSB,NA,0.006278054669844906,0.05834314640077077,0,0.06462120107061567
TRANS,Cut DSB,NA,0.006278054669844906,3.670342106470507e-4,0,0.006645088880491957
TRANS,Cut DSB,NA,0.006278054669844906,0.03797274770985946,0,0.044250802379704364
TRANS,Cut DSB,NA,0.006278054669844906,0.036657541788374194,0,0.0429355964582191
TRANS,Cut DSB,NA,0.006278054669844906,8.41120066066158e-4,0,0.007119174735911064
TRANS,Cut DSB,NA,0.006278054669844906,0.05159889278013122,0,0.057876947449976124
TRANS,Cut DSB,NA,0.006278054669844906,0.015308385202404073,0,0.02158643987224898
TRANS,Cut DSB,NA,0.006278054669844906,0.13679670892657786,0,0.14307476359642277
TRANS,Cut DSB,NA,0.006278054669844906,1.2234473688235023e-4,0,0.006400399406727256
TRANS,Cut DSB,NA,0.006278054669844906,0.08369909311963786,0,0.08997714778948276
TRANS,Cut DSB,NA,0.006278054669844906,0.05233296120142532,0,0.058611015871270225
TRANS,Cut DSB,NA,0.006278054669844906,0.056064475676336996,0,0.0623425303461819
TRANS,Cut DSB,NA,0.006278054669844906,0.03850800593371974,0,0.044786060603564645
TRANS,Cut DSB,NA,0.006278054669844906,0.07466087568245423,0,0.08093893035229914
TRANS,Cut DSB,NA,0.006278054669844906,0.018275245071801068,0,0.024553299741645974
TRANS,Cut DSB,NA,0.006278054669844906,0.036152869748734495,0,0.0424309244185794
TRANS,Cut DSB,NA,0.006278054669844906,0.02527948125831562,0,0.031557535928160525
TRANS,Cut DSB,NA,0.006278054669844906,0.016608298031779045,0,0.022886352701623952
TRANS,Cut DSB,NA,0.006278054669844906,0.05455045955741791,0,0.06082851422726282
TRANS,Cut DSB,NA,0.006278054669844906,0.0223737937573598,0,0.028651848427204706
TRANS,Cut DSB,NA,0.006278054669844906,0.016975332242426096,0,0.023253386912271003
TRANS,Cut DSB,NA,0.006278054669844906,0.05942895594060163,0,0.06570701061044654
TRANS,Uncut DSB,chrIII:150001-160000,0.019928988661092658,0,0,0.019928988661092658
TRANS,Uncut DSB,chrIII:250001-260000,0.006070324132401787,0,0,0.006070324132401787
TRANS,Uncut DSB,chrIII:280001-290000,0.07295842400641393,0,0,0.07295842400641393
TRANS,Uncut DSB,chrIV:90001-100000,0.02451036536479212,0,0,0.02451036536479212
TRANS,Uncut DSB,chrIV:290001-300000,0.02611384721108693,0,0,0.02611384721108693
TRANS,Uncut DSB,chrIV:640001-650000,0.017981903562020386,0,0,0.017981903562020386
TRANS,Uncut DSB,chrIV:1020001-1030000,0.03241324017867369,0,0,0.03241324017867369
TRANS,Uncut DSB,chrIV:1210001-1220000,0.026915588134234336,0,0,0.026915588134234336
TRANS,Uncut DSB,chrIV:1330001-1340000,0.015004008704615737,0,0,0.015004008704615737
TRANS,Uncut DSB,chrIV:1520001-1530000,0.02622838162867942,0,0,0.02622838162867942
TRANS,Uncut DSB,NA,0.014431336616653304,0.019183592282361262,0,0.033614928899014566
TRANS,Uncut DSB,NA,0.014431336616653304,0.02256503193581895,0,0.03699636855247225
TRANS,Uncut DSB,NA,0.014431336616653304,0.032753552721727405,0,0.047184889338380706
TRANS,Uncut DSB,NA,0.014431336616653304,0.1346829624063474,0,0.1491142990230007
TRANS,Uncut DSB,NA,0.014431336616653304,0.03715163436249917,0,0.05158297097915247
TRANS,Uncut DSB,NA,0.014431336616653304,6.409264702632219e-4,0,0.015072263086916527
TRANS,Uncut DSB,NA,0.014431336616653304,0.033615488319667604,0,0.04804682493632091
TRANS,Uncut DSB,NA,0.014431336616653304,0.02837757199372334,0,0.042808908610376645
TRANS,Uncut DSB,NA,0.014431336616653304,0.0033814396534576877,0,0.01781277627011099
TRANS,Uncut DSB,NA,0.014431336616653304,0.08676818352597962,0,0.10119952014263292
TRANS,Uncut DSB,NA,0.014431336616653304,0.016840895528985347,0,0.03127223214563865
TRANS,Uncut DSB,NA,0.014431336616653304,0.1730943487966053,0,0.1875256854132586
TRANS,Uncut DSB,NA,0.014431336616653304,4.4201825535394614e-5,0,0.014475538442188698
TRANS,Uncut DSB,NA,0.014431336616653304,0.03480893760912326,0,0.049240274225776565
TRANS,Uncut DSB,NA,0.014431336616653304,0.04375980728004067,0,0.05819114389669397
TRANS,Uncut DSB,NA,0.014431336616653304,0.04154971600327093,0,0.05598105261992424
TRANS,Uncut DSB,NA,0.014431336616653304,0.026322187106327492,0,0.0407535237229808
TRANS,Uncut DSB,NA,0.014431336616653304,0.02477512321258868,0,0.03920645982924198
TRANS,Uncut DSB,NA,0.014431336616653304,0.04479855018012244,0,0.05922988679677574
TRANS,Uncut DSB,NA,0.014431336616653304,0.019426702322805932,0,0.03385803893945924
TRANS,Uncut DSB,NA,0.014431336616653304,0.019493005061109025,0,0.03392434167776233
TRANS,Uncut DSB,NA,0.014431336616653304,0.03328397462815214,0,0.04771531124480545
TRANS,Uncut DSB,NA,0.014431336616653304,0.016133666320419033,0,0.030565002937072337
TRANS,Uncut DSB,NA,0.014431336616653304,0.0451300638716379,0,0.0595614004882912
TRANS,Uncut DSB,NA,0.014431336616653304,3.536146042831569e-4,0,0.014784951220936461
TRANS,Uncut DSB,NA,0.014431336616653304,0.06106482197714765,0,0.07549615859380096
TRANS,Uncut DSB,chrVII:360001-370000,0.01523307753980071,0,0,0.01523307753980071
TRANS,Uncut DSB,chrVII:730001-740000,0.03413125644256099,0,0,0.03413125644256099
TRANS,Uncut DSB,chrVII:1080001-1090000,0.02187607376016493,0,0,0.02187607376016493
TRANS,Uncut DSB,chrXII:60001-70000,0.012140648264803574,0,0,0.012140648264803574
TRANS,Uncut DSB,chrXII:450001-460000,0.027030122551826824,0,0,0.027030122551826824
TRANS,Uncut DSB,chrXII:620001-630000,0.03023708624441645,0,0,0.03023708624441645
TRANS,Uncut DSB,chrXII:1070001-1080000,0.030580689497193905,0,0,0.030580689497193905
TRANS,Uncut DSB,chrXV:50001-60000,0.028404535562936664,0,0,0.028404535562936664
TRANS,Uncut DSB,chrXV:880001-890000,0.01523307753980071,0,0,0.01523307753980071
TRANS,Uncut DSB,chrXV:1030001-1040000,0.03951437406940786,0,0,0.03951437406940786
TRANS,Uncut DSB,chrXV:1080001-1090000,0.0050395143740694075,0,0,0.0050395143740694075
TRANS,Uncut DSB,NA,0.37132058183484135,0.019183592282361262,0,0.3905041741172026
TRANS,Uncut DSB,NA,0.37132058183484135,0.02256503193581895,0,0.3938856137706603
TRANS,Uncut DSB,NA,0.37132058183484135,0.032753552721727405,0,0.40407413455656876
TRANS,Uncut DSB,NA,0.37132058183484135,0.1346829624063474,0,0.5060035442411888
TRANS,Uncut DSB,NA,0.37132058183484135,0.03715163436249917,0,0.40847221619734053
TRANS,Uncut DSB,NA,0.37132058183484135,6.409264702632219e-4,0,0.37196150830510455
TRANS,Uncut DSB,NA,0.37132058183484135,0.033615488319667604,0,0.40493607015450894
TRANS,Uncut DSB,NA,0.37132058183484135,0.02837757199372334,0,0.39969815382856466
TRANS,Uncut DSB,NA,0.37132058183484135,0.0033814396534576877,0,0.374702021488299
TRANS,Uncut DSB,NA,0.37132058183484135,0.08676818352597962,0,0.458088765360821
TRANS,Uncut DSB,NA,0.37132058183484135,0.016840895528985347,0,0.38816147736382667
TRANS,Uncut DSB,NA,0.37132058183484135,0.1730943487966053,0,0.5444149306314466
TRANS,Uncut DSB,NA,0.37132058183484135,4.4201825535394614e-5,0,0.37136478366037673
TRANS,Uncut DSB,NA,0.37132058183484135,0.03480893760912326,0,0.4061295194439646
TRANS,Uncut DSB,NA,0.37132058183484135,0.04375980728004067,0,0.415080389114882
TRANS,Uncut DSB,NA,0.37132058183484135,0.04154971600327093,0,0.4128702978381123
TRANS,Uncut DSB,NA,0.37132058183484135,0.026322187106327492,0,0.39764276894116884
TRANS,Uncut DSB,NA,0.37132058183484135,0.02477512321258868,0,0.39609570504743
TRANS,Uncut DSB,NA,0.37132058183484135,0.04479855018012244,0,0.41611913201496376
TRANS,Uncut DSB,NA,0.37132058183484135,0.019426702322805932,0,0.39074728415764726
TRANS,Uncut DSB,NA,0.37132058183484135,0.019493005061109025,0,0.39081358689595036
TRANS,Uncut DSB,NA,0.37132058183484135,0.03328397462815214,0,0.4046045564629935
TRANS,Uncut DSB,NA,0.37132058183484135,0.016133666320419033,0,0.38745424815526036
TRANS,Uncut DSB,NA,0.37132058183484135,0.0451300638716379,0,0.41645064570647927
TRANS,Uncut DSB,NA,0.37132058183484135,3.536146042831569e-4,0,0.3716741964391245
TRANS,Uncut DSB,NA,0.37132058183484135,0.06106482197714765,0,0.432385403811989
TRANS,Uncut DSB,NA,0.0867025541175123,0.019183592282361262,0,0.10588614639987357
TRANS,Uncut DSB,NA,0.0867025541175123,0.02256503193581895,0,0.10926758605333126
TRANS,Uncut DSB,NA,0.0867025541175123,0.032753552721727405,0,0.11945610683923971
TRANS,Uncut DSB,NA,0.0867025541175123,0.1346829624063474,0,0.22138551652385968
TRANS,Uncut DSB,NA,0.0867025541175123,0.03715163436249917,0,0.12385418848001148
TRANS,Uncut DSB,NA,0.0867025541175123,6.409264702632219e-4,0,0.08734348058777552
TRANS,Uncut DSB,NA,0.0867025541175123,0.033615488319667604,0,0.12031804243717992
TRANS,Uncut DSB,NA,0.0867025541175123,0.02837757199372334,0,0.11508012611123565
TRANS,Uncut DSB,NA,0.0867025541175123,0.0033814396534576877,0,0.09008399377097
TRANS,Uncut DSB,NA,0.0867025541175123,0.08676818352597962,0,0.1734707376434919
TRANS,Uncut DSB,NA,0.0867025541175123,0.016840895528985347,0,0.10354344964649766
TRANS,Uncut DSB,NA,0.0867025541175123,0.1730943487966053,0,0.2597969029141176
TRANS,Uncut DSB,NA,0.0867025541175123,4.4201825535394614e-5,0,0.0867467559430477
TRANS,Uncut DSB,NA,0.0867025541175123,0.03480893760912326,0,0.12151149172663556
TRANS,Uncut DSB,NA,0.0867025541175123,0.04375980728004067,0,0.13046236139755296
TRANS,Uncut DSB,NA,0.0867025541175123,0.04154971600327093,0,0.12825227012078325
TRANS,Uncut DSB,NA,0.0867025541175123,0.026322187106327492,0,0.11302474122383979
TRANS,Uncut DSB,NA,0.0867025541175123,0.02477512321258868,0,0.11147767733010099
TRANS,Uncut DSB,NA,0.0867025541175123,0.04479855018012244,0,0.13150110429763473
TRANS,Uncut DSB,NA,0.0867025541175123,0.019426702322805932,0,0.10612925644031823
TRANS,Uncut DSB,NA,0.0867025541175123,0.019493005061109025,0,0.10619555917862133
TRANS,Uncut DSB,NA,0.0867025541175123,0.03328397462815214,0,0.11998652874566446
TRANS,Uncut DSB,NA,0.0867025541175123,0.016133666320419033,0,0.10283622043793134
TRANS,Uncut DSB,NA,0.0867025541175123,0.0451300638716379,0,0.1318326179891502
TRANS,Uncut DSB,NA,0.0867025541175123,3.536146042831569e-4,0,0.08705616872179546
TRANS,Uncut DSB,NA,0.0867025541175123,0.06106482197714765,0,0.14776737609465995
ALL,Uncut DSB,4C_Viewport:1-10000,0,0,0.01999466008076628,0.01999466008076628
ALL,Uncut DSB,chrI:100001-110000,0,0,8.343623802689985e-5,8.343623802689985e-5
ALL,Uncut DSB,chrI:10001-20000,0,0,3.0037045689683943e-5,3.0037045689683943e-5
ALL,Uncut DSB,chrI:120001-130000,0,0,6.2410306044121e-4,6.2410306044121e-4
ALL,Uncut DSB,chrI:130001-140000,0,0,4.004939425291192e-5,4.004939425291192e-5
ALL,Uncut DSB,chrI:210001-220000,0,0,8.343623802689985e-5,8.343623802689985e-5
ALL,Uncut DSB,chrI:30001-40000,0,0,2.002469712645596e-5,2.002469712645596e-5
ALL,Uncut DSB,chrI:40001-50000,0,0,3.3374495210759937e-6,3.3374495210759937e-6
ALL,Uncut DSB,chrI:70001-80000,0,0,2.1025931982778e-4,2.1025931982778e-4
ALL,Uncut DSB,chrI:80001-90000,0,0,0.00504288622634582,0.00504288622634582
ALL,Uncut DSB,chrII:1-10000,0,0,6.0074091379367887e-5,6.0074091379367887e-5
ALL,Uncut DSB,chrII:110001-120000,0,0,0.01623335447051363,0.01623335447051363
ALL,Uncut DSB,chrII:140001-150000,0,0,3.3374495210759937e-6,3.3374495210759937e-6
ALL,Uncut DSB,chrII:230001-240000,0,0,3.3374495210759937e-6,3.3374495210759937e-6
ALL,Uncut DSB,chrII:280001-290000,0,0,6.2744050996228e-4,6.2744050996228e-4
ALL,Uncut DSB,chrII:300001-310000,0,0,0.00107799619530754,0.00107799619530754
ALL,Uncut DSB,chrII:30001-40000,0,0,1.3349798084303e-4,1.3349798084303e-4
ALL,Uncut DSB,chrII:350001-360000,0,0,3.3374495210759937e-6,3.3374495210759937e-6
ALL,Uncut DSB,chrII:400001-410000,0,0,9.9455995728064e-4,9.9455995728064e-4
ALL,Uncut DSB,chrII:440001-450000,0,0,0.00103460935153355,0.00103460935153355
ALL,Uncut DSB,chrII:470001-480000,0,0,7.7428828888963e-4,7.7428828888963e-4
ALL,Uncut DSB,chrII:50001-60000,0,0,0.00617094416446951,0.00617094416446951
ALL,Uncut DSB,chrII:520001-530000,0,0,4.338684377398792e-5,4.338684377398792e-5
ALL,Uncut DSB,chrII:530001-540000,0,0,3.3374495210759937e-6,3.3374495210759937e-6
ALL,Uncut DSB,chrII:540001-550000,0,0,2.1359676934886e-4,2.1359676934886e-4
ALL,Uncut DSB,chrII:560001-570000,0,0,6.9085205086273e-4,6.9085205086273e-4
ALL,Uncut DSB,chrII:580001-590000,0,0,1.6687247605379967e-5,1.6687247605379967e-5
ALL,Uncut DSB,chrII:60001-70000,0,0,9.678603611120382e-5,9.678603611120382e-5
ALL,Uncut DSB,chrII:610001-620000,0,0,0.01562927610719888,0.01562927610719888
ALL,Uncut DSB,chrII:640001-650000,0,0,3.3374495210759937e-6,3.3374495210759937e-6
ALL,Uncut DSB,chrII:650001-660000,0,0,3.3374495210759937e-6,3.3374495210759937e-6
ALL,Uncut DSB,chrII:660001-670000,0,0,3.3374495210759937e-6,3.3374495210759937e-6
ALL,Uncut DSB,chrII:70001-80000,0,0,0.00781964422788105,0.00781964422788105
ALL,Uncut DSB,chrII:780001-790000,0,0,3.7379434636051e-4,3.7379434636051e-4
ALL,Uncut DSB,chrII:790001-800000,0,0,3.3374495210759937e-6,3.3374495210759937e-6
ALL,Uncut DSB,chrII:800001-810000,0,0,2.1359676934886e-4,2.1359676934886e-4
ALL,Uncut DSB,chrIII:1-10000,0,0,4.338684377398792e-5,4.338684377398792e-5
ALL,Uncut DSB,chrIII:150001-160000,0,0,4.7725528151386e-4,4.7725528151386e-4
ALL,Uncut DSB,chrIII:190001-200000,0,0,3.3374495210759937e-6,3.3374495210759937e-6
ALL,Uncut DSB,chrIII:250001-260000,0,0,0.00122150652471381,0.00122150652471381
ALL,Uncut DSB,chrIII:270001-280000,0,0,9.678603611120382e-5,9.678603611120382e-5
ALL,Uncut DSB,chrIII:280001-290000,0,0,0.00198578246504021,0.00198578246504021
ALL,Uncut DSB,chrIII:80001-90000,0,0,0.01170109802089243,0.01170109802089243
ALL,Uncut DSB,chrIII:90001-100000,0,0,3.0037045689683943e-5,3.0037045689683943e-5
ALL,Uncut DSB,chrIV:1-10000,0,0,3.3374495210759937e-6,3.3374495210759937e-6
ALL,Uncut DSB,chrIV:1020001-1030000,0,0,3.3374495210759937e-6,3.3374495210759937e-6
ALL,Uncut DSB,chrIV:1100001-1110000,0,0,3.6711944731835e-4,3.6711944731835e-4
ALL,Uncut DSB,chrIV:1110001-1120000,0,0,0.00138837900076761,0.00138837900076761
ALL,Uncut DSB,chrIV:1140001-1150000,0,0,0.00376464305977372,0.00376464305977372
ALL,Uncut DSB,chrIV:1200001-1210000,0,0,3.3374495210759937e-6,3.3374495210759937e-6
ALL,Uncut DSB,chrIV:120001-130000,0,0,3.3374495210759937e-6,3.3374495210759937e-6
ALL,Uncut DSB,chrIV:1210001-1220000,0,0,1.0012348563227e-4,1.0012348563227e-4
ALL,Uncut DSB,chrIV:1240001-1250000,0,0,4.004939425291192e-5,4.004939425291192e-5
ALL,Uncut DSB,chrIV:1270001-1280000,0,0,7.8763808697393e-4,7.8763808697393e-4
ALL,Uncut DSB,chrIV:1310001-1320000,0,0,1.6687247605379967e-5,1.6687247605379967e-5
ALL,Uncut DSB,chrIV:1330001-1340000,0,0,6.674899042151987e-6,6.674899042151987e-6
ALL,Uncut DSB,chrIV:1370001-1380000,0,0,6.674899042151987e-6,6.674899042151987e-6
ALL,Uncut DSB,chrIV:1390001-1400000,0,0,0.00976537729866835,0.00976537729866835
ALL,Uncut DSB,chrIV:140001-150000,0,0,0.0044755198077629,0.0044755198077629
ALL,Uncut DSB,chrIV:1410001-1420000,0,0,3.3374495210759937e-6,3.3374495210759937e-6
ALL,Uncut DSB,chrIV:1420001-1430000,0,0,2.669959616860795e-5,2.669959616860795e-5
ALL,Uncut DSB,chrIV:1480001-1490000,0,0,1.6687247605379967e-5,1.6687247605379967e-5
ALL,Uncut DSB,chrIV:1490001-1500000,0,0,0.00203918165737743,0.00203918165737743
ALL,Uncut DSB,chrIV:1500001-1510000,0,0,3.3374495210759937e-6,3.3374495210759937e-6
ALL,Uncut DSB,chrIV:150001-160000,0,0,0.00119146947902412,0.00119146947902412
ALL,Uncut DSB,chrIV:1510001-1520000,0,0,4.004939425291192e-5,4.004939425291192e-5
ALL,Uncut DSB,chrIV:1520001-1530000,0,0,0.0016820745586223,0.0016820745586223
ALL,Uncut DSB,chrIV:180001-190000,0,0,0.00124486867136134,0.00124486867136134
ALL,Uncut DSB,chrIV:260001-270000,0,0,0.00133164235890932,0.00133164235890932
ALL,Uncut DSB,chrIV:280001-290000,0,0,9.5117311350665e-4,9.5117311350665e-4
ALL,Uncut DSB,chrIV:290001-300000,0,0,3.3374495210759937e-6,3.3374495210759937e-6
ALL,Uncut DSB,chrIV:30001-40000,0,0,3.3374495210759937e-6,3.3374495210759937e-6
ALL,Uncut DSB,chrIV:340001-350000,0,0,2.5698361312285e-4,2.5698361312285e-4
ALL,Uncut DSB,chrIV:390001-400000,0,0,3.3374495210759937e-6,3.3374495210759937e-6
ALL,Uncut DSB,chrIV:400001-410000,0,0,3.3374495210759937e-6,3.3374495210759937e-6
ALL,Uncut DSB,chrIV:440001-450000,0,0,0.01270900777625738,0.01270900777625738
ALL,Uncut DSB,chrIV:460001-470000,0,0,1.8689717318025e-4,1.8689717318025e-4
ALL,Uncut DSB,chrIV:510001-520000,0,0,7.5092614224209e-4,7.5092614224209e-4
ALL,Uncut DSB,chrIV:570001-580000,0,0,8.0098788505823e-4,8.0098788505823e-4
ALL,Uncut DSB,chrIV:60001-70000,0,0,3.3374495210759937e-6,3.3374495210759937e-6
ALL,Uncut DSB,chrIV:640001-650000,0,0,0.00158528852251109,0.00158528852251109
ALL,Uncut DSB,chrIV:680001-690000,0,0,0.00543003037079064,0.00543003037079064
ALL,Uncut DSB,chrIV:700001-710000,0,0,0.01397723859426626,0.01397723859426626
ALL,Uncut DSB,chrIV:750001-760000,0,0,3.3374495210759937e-6,3.3374495210759937e-6
ALL,Uncut DSB,chrIV:800001-810000,0,0,0.00118813202950305,0.00118813202950305
ALL,Uncut DSB,chrIV:850001-860000,0,0,1.001234856322798e-5,1.001234856322798e-5
ALL,Uncut DSB,chrIV:870001-880000,0,0,0.00222274138103661,0.00222274138103661
ALL,Uncut DSB,chrIV:90001-100000,0,0,0.01435437039014785,0.01435437039014785
ALL,Uncut DSB,chrIV:950001-960000,0,0,2.669959616860795e-5,2.669959616860795e-5
ALL,Uncut DSB,chrIV:960001-970000,0,0,3.3374495210759937e-6,3.3374495210759937e-6
ALL,Uncut DSB,chrIV:980001-990000,0,0,8.1433768314254e-4,8.1433768314254e-4
ALL,Uncut DSB,chrIV:990001-1000000,0,0,3.6711944731835e-4,3.6711944731835e-4
ALL,Uncut DSB,chrIX:1-10000,0,0,3.3374495210759937e-6,3.3374495210759937e-6
ALL,Uncut DSB,chrIX:10001-20000,0,0,7.008643994259587e-5,7.008643994259587e-5
ALL,Uncut DSB,chrIX:120001-130000,0,0,2.8702065881253e-4,2.8702065881253e-4
ALL,Uncut DSB,chrIX:150001-160000,0,0,0.00261656042452357,0.00261656042452357
ALL,Uncut DSB,chrIX:170001-180000,0,0,6.674899042151987e-6,6.674899042151987e-6
ALL,Uncut DSB,chrIX:190001-200000,0,0,1.6687247605379967e-5,1.6687247605379967e-5
ALL,Uncut DSB,chrIX:200001-210000,0,0,1.1347328371658e-4,1.1347328371658e-4
ALL,Uncut DSB,chrIX:210001-220000,0,0,1.3349798084303976e-5,1.3349798084303976e-5
ALL,Uncut DSB,chrIX:220001-230000,0,0,2.0692187030671e-4,2.0692187030671e-4
ALL,Uncut DSB,chrIX:230001-240000,0,0,2.8034575977038e-4,2.8034575977038e-4
ALL,Uncut DSB,chrIX:250001-260000,0,0,7.2088909655241e-4,7.2088909655241e-4
ALL,Uncut DSB,chrIX:30001-40000,0,0,1.001234856322798e-5,1.001234856322798e-5
ALL,Uncut DSB,chrIX:320001-330000,0,0,0.00867069385575543,0.00867069385575543
ALL,Uncut DSB,chrIX:360001-370000,0,0,0.00173881120048059,0.00173881120048059
ALL,Uncut DSB,chrIX:370001-380000,0,0,1.1681073323765e-4,1.1681073323765e-4
ALL,Uncut DSB,chrIX:420001-430000,0,0,6.674899042151987e-6,6.674899042151987e-6
ALL,Uncut DSB,chrM:1-10000,0,0,1.001234856322798e-5,1.001234856322798e-5
ALL,Uncut DSB,chrM:10001-20000,0,0,0.00137169175316223,0.00137169175316223
ALL,Uncut DSB,chrM:20001-30000,0,0,0.00175216099856489,0.00175216099856489
ALL,Uncut DSB,chrM:30001-40000,0,0,8.343623802689985e-5,8.343623802689985e-5
ALL,Uncut DSB,chrM:40001-50000,0,0,1.001234856322798e-5,1.001234856322798e-5
ALL,Uncut DSB,chrM:50001-60000,0,0,1.3349798084303976e-5,1.3349798084303976e-5
ALL,Uncut DSB,chrM:60001-70000,0,0,1.001234856322798e-5,1.001234856322798e-5
ALL,Uncut DSB,chrM:70001-80000,0,0,0.02747388445749758,0.02747388445749758
ALL,Uncut DSB,chrV:1-10000,0,0,1.5686012749057e-4,1.5686012749057e-4
ALL,Uncut DSB,chrV:110001-120000,0,0,0.15214431131729134,0.15214431131729134
ALL,Uncut DSB,chrV:160001-170000,0,0,1.1681073323765e-4,1.1681073323765e-4
ALL,Uncut DSB,chrV:170001-180000,0,0,8.9109902212729e-4,8.9109902212729e-4
ALL,Uncut DSB,chrV:200001-210000,0,0,0.00210926809732002,0.00210926809732002
ALL,Uncut DSB,chrV:210001-220000,0,0,6.941895003838e-4,6.941895003838e-4
ALL,Uncut DSB,chrV:240001-250000,0,0,3.3374495210759937e-6,3.3374495210759937e-6
ALL,Uncut DSB,chrV:290001-300000,0,0,0.00880085438707739,0.00880085438707739
ALL,Uncut DSB,chrV:300001-310000,0,0,9.5784801254881e-4,9.5784801254881e-4
ALL,Uncut DSB,chrV:310001-320000,0,0,1.6687247605379967e-5,1.6687247605379967e-5
ALL,Uncut DSB,chrV:320001-330000,0,0,0.16815739411941394,0.16815739411941394
ALL,Uncut DSB,chrV:340001-350000,0,0,3.6378199779728e-4,3.6378199779728e-4
ALL,Uncut DSB,chrV:350001-360000,0,0,3.3374495210759937e-6,3.3374495210759937e-6
ALL,Uncut DSB,chrV:430001-440000,0,0,3.3374495210759937e-6,3.3374495210759937e-6
ALL,Uncut DSB,chrV:440001-450000,0,0,4.3386843773987e-4,4.3386843773987e-4
ALL,Uncut DSB,chrV:450001-460000,0,0,0.00196242031839268,0.00196242031839268
ALL,Uncut DSB,chrV:490001-500000,0,0,3.3374495210759937e-6,3.3374495210759937e-6
ALL,Uncut DSB,chrV:500001-510000,0,0,5.0061742816139904e-5,5.0061742816139904e-5
ALL,Uncut DSB,chrV:520001-530000,0,0,0.00458565564195841,0.00458565564195841
ALL,Uncut DSB,chrV:530001-540000,0,0,0.00107465874578647,0.00107465874578647
ALL,Uncut DSB,chrV:550001-560000,0,0,3.3374495210759937e-6,3.3374495210759937e-6
ALL,Uncut DSB,chrV:570001-580000,0,0,7.1087674798918e-4,7.1087674798918e-4
ALL,Uncut DSB,chrV:60001-70000,0,0,0.00936154590661816,0.00936154590661816
ALL,Uncut DSB,chrVI:1-10000,0,0,3.3374495210759e-4,3.3374495210759e-4
ALL,Uncut DSB,chrVI:100001-110000,0,0,3.3374495210759937e-6,3.3374495210759937e-6
ALL,Uncut DSB,chrVI:10001-20000,0,0,3.3374495210759937e-6,3.3374495210759937e-6
ALL,Uncut DSB,chrVI:140001-150000,0,0,0.00963187931782531,0.00963187931782531
ALL,Uncut DSB,chrVI:210001-220000,0,0,1.1681073323765e-4,1.1681073323765e-4
ALL,Uncut DSB,chrVI:260001-270000,0,0,3.3374495210759937e-6,3.3374495210759937e-6
ALL,Uncut DSB,chrVI:30001-40000,0,0,1.2014818275873e-4,1.2014818275873e-4
ALL,Uncut DSB,chrVI:50001-60000,0,0,2.4363381503854e-4,2.4363381503854e-4
ALL,Uncut DSB,chrVII:1-10000,0,0,3.3040750258652e-4,3.3040750258652e-4
ALL,Uncut DSB,chrVII:1010001-1020000,0,0,2.0024697126455e-4,2.0024697126455e-4
ALL,Uncut DSB,chrVII:1030001-1040000,0,0,6.674899042151987e-6,6.674899042151987e-6
ALL,Uncut DSB,chrVII:1070001-1080000,0,0,3.3374495210759937e-6,3.3374495210759937e-6
ALL,Uncut DSB,chrVII:1080001-1090000,0,0,0.00123819377231919,0.00123819377231919
ALL,Uncut DSB,chrVII:130001-140000,0,0,9.9789740680172e-4,9.9789740680172e-4
ALL,Uncut DSB,chrVII:180001-190000,0,0,7.342388946367186e-5,7.342388946367186e-5
ALL,Uncut DSB,chrVII:200001-210000,0,0,0.00394152788439074,0.00394152788439074
ALL,Uncut DSB,chrVII:210001-220000,0,0,3.3374495210759937e-6,3.3374495210759937e-6
ALL,Uncut DSB,chrVII:320001-330000,0,0,3.3374495210759937e-6,3.3374495210759937e-6
ALL,Uncut DSB,chrVII:360001-370000,0,0,4.338684377398792e-5,4.338684377398792e-5
ALL,Uncut DSB,chrVII:380001-390000,0,0,0.0022794780228949,0.0022794780228949
ALL,Uncut DSB,chrVII:400001-410000,0,0,6.674899042151987e-6,6.674899042151987e-6
ALL,Uncut DSB,chrVII:40001-50000,0,0,3.3374495210759937e-6,3.3374495210759937e-6
ALL,Uncut DSB,chrVII:450001-460000,0,0,3.3374495210759937e-6,3.3374495210759937e-6
ALL,Uncut DSB,chrVII:460001-470000,0,0,4.1384374061342e-4,4.1384374061342e-4
ALL,Uncut DSB,chrVII:500001-510000,0,0,0.00101124720488602,0.00101124720488602
ALL,Uncut DSB,chrVII:530001-540000,0,0,6.674899042151987e-6,6.674899042151987e-6
ALL,Uncut DSB,chrVII:540001-550000,0,0,3.3374495210759937e-6,3.3374495210759937e-6
ALL,Uncut DSB,chrVII:560001-570000,0,0,0.00345759770383472,0.00345759770383472
ALL,Uncut DSB,chrVII:570001-580000,0,0,0.00165203751293261,0.00165203751293261
ALL,Uncut DSB,chrVII:580001-590000,0,0,2.669959616860795e-5,2.669959616860795e-5
ALL,Uncut DSB,chrVII:620001-630000,0,0,1.3349798084303976e-5,1.3349798084303976e-5
ALL,Uncut DSB,chrVII:640001-650000,0,0,4.672429329506391e-5,4.672429329506391e-5
ALL,Uncut DSB,chrVII:650001-660000,0,0,1.001234856322798e-5,1.001234856322798e-5
ALL,Uncut DSB,chrVII:660001-670000,0,0,5.8739111570937e-4,5.8739111570937e-4
ALL,Uncut DSB,chrVII:680001-690000,0,0,0.00149517738544204,0.00149517738544204
ALL,Uncut DSB,chrVII:690001-700000,0,0,2.669959616860795e-5,2.669959616860795e-5
ALL,Uncut DSB,chrVII:700001-710000,0,0,0.0072289156626506,0.0072289156626506
ALL,Uncut DSB,chrVII:710001-720000,0,0,9.5784801254881e-4,9.5784801254881e-4
ALL,Uncut DSB,chrVII:730001-740000,0,0,0.00107132129626539,0.00107132129626539
ALL,Uncut DSB,chrVII:740001-750000,0,0,3.3374495210759937e-6,3.3374495210759937e-6
ALL,Uncut DSB,chrVII:750001-760000,0,0,0.00399826452624904,0.00399826452624904
ALL,Uncut DSB,chrVII:760001-770000,0,0,3.3374495210759937e-6,3.3374495210759937e-6
ALL,Uncut DSB,chrVII:770001-780000,0,0,0.00483262690651803,0.00483262690651803
ALL,Uncut DSB,chrVII:780001-790000,0,0,0.00248973734272269,0.00248973734272269
ALL,Uncut DSB,chrVII:790001-800000,0,0,0.00770950839368554,0.00770950839368554
ALL,Uncut DSB,chrVII:800001-810000,0,0,7.3423889463671e-4,7.3423889463671e-4
ALL,Uncut DSB,chrVII:80001-90000,0,0,3.3374495210759937e-6,3.3374495210759937e-6
ALL,Uncut DSB,chrVII:810001-820000,0,0,0.00952174348362981,0.00952174348362981
ALL,Uncut DSB,chrVII:820001-830000,0,0,3.3374495210759937e-6,3.3374495210759937e-6
ALL,Uncut DSB,chrVII:830001-840000,0,0,0.05045889930914795,0.05045889930914795
ALL,Uncut DSB,chrVII:840001-850000,0,0,0.0055468411040283,0.0055468411040283
ALL,Uncut DSB,chrVII:850001-860000,0,0,6.2410306044121e-4,6.2410306044121e-4
ALL,Uncut DSB,chrVII:860001-870000,0,0,2.3362146647531955e-5,2.3362146647531955e-5
ALL,Uncut DSB,chrVII:880001-890000,0,0,9.5117311350665e-4,9.5117311350665e-4
ALL,Uncut DSB,chrVII:890001-900000,0,0,6.0074091379367887e-5,6.0074091379367887e-5
ALL,Uncut DSB,chrVII:930001-940000,0,0,0.00900110135834195,0.00900110135834195
ALL,Uncut DSB,chrVII:940001-950000,0,0,0.00314053999933251,0.00314053999933251
ALL,Uncut DSB,chrVII:980001-990000,0,0,3.3708240162867e-4,3.3708240162867e-4
ALL,Uncut DSB,chrVIII:1-10000,0,0,8.5104962787437e-4,8.5104962787437e-4
ALL,Uncut DSB,chrVIII:100001-110000,0,0,0.00225945332576844,0.00225945332576844
ALL,Uncut DSB,chrVIII:210001-220000,0,0,0.01783199279110903,0.01783199279110903
ALL,Uncut DSB,chrVIII:220001-230000,0,0,0.00416179955278176,0.00416179955278176
ALL,Uncut DSB,chrVIII:230001-240000,0,0,0.00325401328304909,0.00325401328304909
ALL,Uncut DSB,chrVIII:270001-280000,0,0,0.00570703868103994,0.00570703868103994
ALL,Uncut DSB,chrVIII:290001-300000,0,0,3.3374495210759937e-6,3.3374495210759937e-6
ALL,Uncut DSB,chrVIII:310001-320000,0,0,3.3374495210759937e-6,3.3374495210759937e-6
ALL,Uncut DSB,chrVIII:330001-340000,0,0,3.3374495210759937e-6,3.3374495210759937e-6
ALL,Uncut DSB,chrVIII:340001-350000,0,0,0.01210492941294262,0.01210492941294262
ALL,Uncut DSB,chrVIII:360001-370000,0,0,0.001361679404599,0.001361679404599
ALL,Uncut DSB,chrVIII:450001-460000,0,0,3.3374495210759937e-6,3.3374495210759937e-6
ALL,Uncut DSB,chrVIII:480001-490000,0,0,5.9072856523045e-4,5.9072856523045e-4
ALL,Uncut DSB,chrVIII:50001-60000,0,0,3.3374495210759937e-6,3.3374495210759937e-6
ALL,Uncut DSB,chrVIII:530001-540000,0,0,7.008643994259587e-5,7.008643994259587e-5
ALL,Uncut DSB,chrVIII:540001-550000,0,0,4.438807863031e-4,4.438807863031e-4
ALL,Uncut DSB,chrVIII:550001-560000,0,0,1.0012348563227e-4,1.0012348563227e-4
ALL,Uncut DSB,chrVIII:80001-90000,0,0,3.3374495210759937e-6,3.3374495210759937e-6
ALL,Uncut DSB,chrVIII:90001-100000,0,0,3.3374495210759937e-6,3.3374495210759937e-6
ALL,Uncut DSB,chrX:1-10000,0,0,1.001234856322798e-5,1.001234856322798e-5
ALL,Uncut DSB,chrX:10001-20000,0,0,3.3374495210759934e-5,3.3374495210759934e-5
ALL,Uncut DSB,chrX:110001-120000,0,0,4.9727997864032e-4,4.9727997864032e-4
ALL,Uncut DSB,chrX:130001-140000,0,0,1.001234856322798e-5,1.001234856322798e-5
ALL,Uncut DSB,chrX:140001-150000,0,0,6.674899042151987e-6,6.674899042151987e-6
ALL,Uncut DSB,chrX:150001-160000,0,0,0.0044755198077629,0.0044755198077629
ALL,Uncut DSB,chrX:190001-200000,0,0,6.674899042151987e-6,6.674899042151987e-6
ALL,Uncut DSB,chrX:230001-240000,0,0,3.3374495210759937e-6,3.3374495210759937e-6
ALL,Uncut DSB,chrX:340001-350000,0,0,8.0098788505823e-4,8.0098788505823e-4
ALL,Uncut DSB,chrX:380001-390000,0,0,3.3374495210759937e-6,3.3374495210759937e-6
ALL,Uncut DSB,chrX:390001-400000,0,0,3.3374495210759937e-6,3.3374495210759937e-6
ALL,Uncut DSB,chrX:460001-470000,0,0,4.2385608917665e-4,4.2385608917665e-4
ALL,Uncut DSB,chrX:470001-480000,0,0,4.5055568534525e-4,4.5055568534525e-4
ALL,Uncut DSB,chrX:50001-60000,0,0,3.3374495210759937e-6,3.3374495210759937e-6
ALL,Uncut DSB,chrX:570001-580000,0,0,0.00482595200747588,0.00482595200747588
ALL,Uncut DSB,chrX:580001-590000,0,0,2.002469712645596e-5,2.002469712645596e-5
ALL,Uncut DSB,chrX:600001-610000,0,0,0.0012081567266295,0.0012081567266295
ALL,Uncut DSB,chrX:630001-640000,0,0,3.3374495210759937e-6,3.3374495210759937e-6
ALL,Uncut DSB,chrX:660001-670000,0,0,0.00378800520642125,0.00378800520642125
ALL,Uncut DSB,chrX:670001-680000,0,0,3.3374495210759937e-6,3.3374495210759937e-6
ALL,Uncut DSB,chrX:690001-700000,0,0,0.00522978339952608,0.00522978339952608
ALL,Uncut DSB,chrX:700001-710000,0,0,3.3374495210759937e-6,3.3374495210759937e-6
ALL,Uncut DSB,chrXI:130001-140000,0,0,2.669959616860795e-5,2.669959616860795e-5
ALL,Uncut DSB,chrXI:160001-170000,0,0,0.00485598905316557,0.00485598905316557
ALL,Uncut DSB,chrXI:170001-180000,0,0,1.6687247605379967e-5,1.6687247605379967e-5
ALL,Uncut DSB,chrXI:200001-210000,0,0,0.00214931749157294,0.00214931749157294
ALL,Uncut DSB,chrXI:30001-40000,0,0,3.3374495210759937e-6,3.3374495210759937e-6
ALL,Uncut DSB,chrXI:380001-390000,0,0,0.0041417748556553,0.0041417748556553
ALL,Uncut DSB,chrXI:430001-440000,0,0,0.00205586890498281,0.00205586890498281
ALL,Uncut DSB,chrXI:440001-450000,0,0,3.3374495210759937e-6,3.3374495210759937e-6
ALL,Uncut DSB,chrXI:490001-500000,0,0,3.3374495210759937e-6,3.3374495210759937e-6
ALL,Uncut DSB,chrXI:50001-60000,0,0,0.00419517404799252,0.00419517404799252
ALL,Uncut DSB,chrXI:520001-530000,0,0,6.674899042151987e-6,6.674899042151987e-6
ALL,Uncut DSB,chrXI:530001-540000,0,0,0.00305710376130561,0.00305710376130561
ALL,Uncut DSB,chrXI:580001-590000,0,0,3.3374495210759937e-6,3.3374495210759937e-6
ALL,Uncut DSB,chrXI:60001-70000,0,0,2.002469712645596e-5,2.002469712645596e-5
ALL,Uncut DSB,chrXI:640001-650000,0,0,3.3374495210759937e-6,3.3374495210759937e-6
ALL,Uncut DSB,chrXI:650001-660000,0,0,6.0074091379367887e-5,6.0074091379367887e-5
ALL,Uncut DSB,chrXI:660001-670000,0,0,6.674899042151987e-6,6.674899042151987e-6
ALL,Uncut DSB,chrXI:70001-80000,0,0,6.0074091379367887e-5,6.0074091379367887e-5
ALL,Uncut DSB,chrXI:90001-100000,0,0,0.00235957681140072,0.00235957681140072
ALL,Uncut DSB,chrXII:1-10000,0,0,6.2410306044121e-4,6.2410306044121e-4
ALL,Uncut DSB,chrXII:1000001-1010000,0,0,7.676133898474786e-5,7.676133898474786e-5
ALL,Uncut DSB,chrXII:10001-20000,0,0,1.001234856322798e-5,1.001234856322798e-5
ALL,Uncut DSB,chrXII:1010001-1020000,0,0,1.6687247605379967e-5,1.6687247605379967e-5
ALL,Uncut DSB,chrXII:1030001-1040000,0,0,3.3374495210759937e-6,3.3374495210759937e-6
ALL,Uncut DSB,chrXII:1040001-1050000,0,0,0.00178887294329673,0.00178887294329673
ALL,Uncut DSB,chrXII:1060001-1070000,0,0,2.9703300737576e-4,2.9703300737576e-4
ALL,Uncut DSB,chrXII:1070001-1080000,0,0,0.00178219804425458,0.00178219804425458
ALL,Uncut DSB,chrXII:120001-130000,0,0,3.3374495210759937e-6,3.3374495210759937e-6
ALL,Uncut DSB,chrXII:140001-150000,0,0,6.674899042151987e-6,6.674899042151987e-6
ALL,Uncut DSB,chrXII:150001-160000,0,0,1.001234856322798e-5,1.001234856322798e-5
ALL,Uncut DSB,chrXII:160001-170000,0,0,3.3374495210759937e-6,3.3374495210759937e-6
ALL,Uncut DSB,chrXII:210001-220000,0,0,1.001234856322798e-5,1.001234856322798e-5
ALL,Uncut DSB,chrXII:240001-250000,0,0,1.001234856322798e-5,1.001234856322798e-5
ALL,Uncut DSB,chrXII:250001-260000,0,0,3.3374495210759937e-6,3.3374495210759937e-6
ALL,Uncut DSB,chrXII:270001-280000,0,0,0.00124486867136134,0.00124486867136134
ALL,Uncut DSB,chrXII:280001-290000,0,0,6.674899042151987e-6,6.674899042151987e-6
ALL,Uncut DSB,chrXII:330001-340000,0,0,3.3374495210759937e-6,3.3374495210759937e-6
ALL,Uncut DSB,chrXII:360001-370000,0,0,3.3374495210759937e-6,3.3374495210759937e-6
ALL,Uncut DSB,chrXII:390001-400000,0,0,8.5772452691653e-4,8.5772452691653e-4
ALL,Uncut DSB,chrXII:400001-410000,0,0,8.009878850582384e-5,8.009878850582384e-5
ALL,Uncut DSB,chrXII:40001-50000,0,0,0.01313953876447618,0.01313953876447618
ALL,Uncut DSB,chrXII:410001-420000,0,0,0.00332076227347061,0.00332076227347061
ALL,Uncut DSB,chrXII:420001-430000,0,0,0.00134499215699362,0.00134499215699362
ALL,Uncut DSB,chrXII:430001-440000,0,0,1.6687247605379967e-5,1.6687247605379967e-5
ALL,Uncut DSB,chrXII:450001-460000,0,0,1.6687247605379967e-5,1.6687247605379967e-5
ALL,Uncut DSB,chrXII:460001-470000,0,0,1.6687247605379967e-5,1.6687247605379967e-5
ALL,Uncut DSB,chrXII:470001-480000,0,0,0.00397156493008043,0.00397156493008043
ALL,Uncut DSB,chrXII:480001-490000,0,0,0.0043787337716517,0.0043787337716517
ALL,Uncut DSB,chrXII:540001-550000,0,0,0.00187898408036578,0.00187898408036578
ALL,Uncut DSB,chrXII:550001-560000,0,0,0.00427527283649834,0.00427527283649834
ALL,Uncut DSB,chrXII:580001-590000,0,0,3.3374495210759937e-6,3.3374495210759937e-6
ALL,Uncut DSB,chrXII:590001-600000,0,0,0.00197243266695591,0.00197243266695591
ALL,Uncut DSB,chrXII:600001-610000,0,0,1.7688482461702e-4,1.7688482461702e-4
ALL,Uncut DSB,chrXII:60001-70000,0,0,2.0358442078563e-4,2.0358442078563e-4
ALL,Uncut DSB,chrXII:620001-630000,0,0,1.9023462270133e-4,1.9023462270133e-4
ALL,Uncut DSB,chrXII:650001-660000,0,0,1.0012348563227e-4,1.0012348563227e-4
ALL,Uncut DSB,chrXII:670001-680000,0,0,3.3374495210759937e-6,3.3374495210759937e-6
ALL,Uncut DSB,chrXII:680001-690000,0,0,3.3374495210759937e-6,3.3374495210759937e-6
ALL,Uncut DSB,chrXII:690001-700000,0,0,3.3374495210759937e-6,3.3374495210759937e-6
ALL,Uncut DSB,chrXII:730001-740000,0,0,1.001234856322798e-5,1.001234856322798e-5
ALL,Uncut DSB,chrXII:740001-750000,0,0,0.00427861028601942,0.00427861028601942
ALL,Uncut DSB,chrXII:750001-760000,0,0,3.3374495210759937e-6,3.3374495210759937e-6
ALL,Uncut DSB,chrXII:770001-780000,0,0,3.8046924540266e-4,3.8046924540266e-4
ALL,Uncut DSB,chrXII:780001-790000,0,0,3.3374495210759937e-6,3.3374495210759937e-6
ALL,Uncut DSB,chrXII:790001-800000,0,0,1.001234856322798e-5,1.001234856322798e-5
ALL,Uncut DSB,chrXII:810001-820000,0,0,0.01354337015652638,0.01354337015652638
ALL,Uncut DSB,chrXII:830001-840000,0,0,3.3374495210759937e-6,3.3374495210759937e-6
ALL,Uncut DSB,chrXII:870001-880000,0,0,6.674899042151987e-6,6.674899042151987e-6
ALL,Uncut DSB,chrXII:940001-950000,0,0,0.00129826786369856,0.00129826786369856
ALL,Uncut DSB,chrXII:960001-970000,0,0,6.674899042151987e-5,6.674899042151987e-5
ALL,Uncut DSB,chrXII:970001-980000,0,0,0.00368454427126789,0.00368454427126789
ALL,Uncut DSB,chrXIII:1-10000,0,0,3.6378199779728e-4,3.6378199779728e-4
ALL,Uncut DSB,chrXIII:10001-20000,0,0,0.00195574541935053,0.00195574541935053
ALL,Uncut DSB,chrXIII:110001-120000,0,0,3.3374495210759934e-5,3.3374495210759934e-5
ALL,Uncut DSB,chrXIII:140001-150000,0,0,6.3077795948336e-4,6.3077795948336e-4
ALL,Uncut DSB,chrXIII:160001-170000,0,0,1.001234856322798e-5,1.001234856322798e-5
ALL,Uncut DSB,chrXIII:180001-190000,0,0,2.9369555785468e-4,2.9369555785468e-4
ALL,Uncut DSB,chrXIII:200001-210000,0,0,3.8714414444481e-4,3.8714414444481e-4
ALL,Uncut DSB,chrXIII:210001-220000,0,0,0.00813336448286219,0.00813336448286219
ALL,Uncut DSB,chrXIII:230001-240000,0,0,2.669959616860795e-5,2.669959616860795e-5
ALL,Uncut DSB,chrXIII:290001-300000,0,0,1.6687247605379967e-5,1.6687247605379967e-5
ALL,Uncut DSB,chrXIII:300001-310000,0,0,3.3374495210759937e-6,3.3374495210759937e-6
ALL,Uncut DSB,chrXIII:30001-40000,0,0,2.2694656743316e-4,2.2694656743316e-4
ALL,Uncut DSB,chrXIII:320001-330000,0,0,3.3374495210759937e-6,3.3374495210759937e-6
ALL,Uncut DSB,chrXIII:380001-390000,0,0,4.7391783199279e-4,4.7391783199279e-4
ALL,Uncut DSB,chrXIII:400001-410000,0,0,3.3374495210759937e-6,3.3374495210759937e-6
ALL,Uncut DSB,chrXIII:40001-50000,0,0,3.3374495210759937e-6,3.3374495210759937e-6
ALL,Uncut DSB,chrXIII:410001-420000,0,0,3.3374495210759937e-6,3.3374495210759937e-6
ALL,Uncut DSB,chrXIII:440001-450000,0,0,1.1681073323765e-4,1.1681073323765e-4
ALL,Uncut DSB,chrXIII:470001-480000,0,0,3.3374495210759937e-6,3.3374495210759937e-6
ALL,Uncut DSB,chrXIII:490001-500000,0,0,1.4017287988519e-4,1.4017287988519e-4
ALL,Uncut DSB,chrXIII:50001-60000,0,0,0.00701198144378066,0.00701198144378066
ALL,Uncut DSB,chrXIII:60001-70000,0,0,6.674899042151987e-6,6.674899042151987e-6
ALL,Uncut DSB,chrXIII:630001-640000,0,0,0.00545672996695925,0.00545672996695925
ALL,Uncut DSB,chrXIII:640001-650000,0,0,1.8689717318025e-4,1.8689717318025e-4
ALL,Uncut DSB,chrXIII:650001-660000,0,0,3.3374495210759937e-6,3.3374495210759937e-6
ALL,Uncut DSB,chrXIII:660001-670000,0,0,3.3374495210759937e-6,3.3374495210759937e-6
ALL,Uncut DSB,chrXIII:670001-680000,0,0,3.3374495210759937e-6,3.3374495210759937e-6
ALL,Uncut DSB,chrXIII:710001-720000,0,0,3.3374495210759937e-6,3.3374495210759937e-6
ALL,Uncut DSB,chrXIII:720001-730000,0,0,0.00889096552414644,0.00889096552414644
ALL,Uncut DSB,chrXIII:780001-790000,0,0,0.00134499215699362,0.00134499215699362
ALL,Uncut DSB,chrXIII:790001-800000,0,0,4.672429329506391e-5,4.672429329506391e-5
ALL,Uncut DSB,chrXIII:800001-810000,0,0,0.00116476988285552,0.00116476988285552
ALL,Uncut DSB,chrXIII:830001-840000,0,0,3.3374495210759937e-6,3.3374495210759937e-6
ALL,Uncut DSB,chrXIII:850001-860000,0,0,9.0444882021159e-4,9.0444882021159e-4
ALL,Uncut DSB,chrXIII:870001-880000,0,0,3.3374495210759934e-5,3.3374495210759934e-5
ALL,Uncut DSB,chrXIII:900001-910000,0,0,3.3374495210759937e-6,3.3374495210759937e-6
ALL,Uncut DSB,chrXIII:90001-100000,0,0,0.0014317658445416,0.0014317658445416
ALL,Uncut DSB,chrXIV:1-10000,0,0,0.00125488101992457,0.00125488101992457
ALL,Uncut DSB,chrXIV:130001-140000,0,0,3.3374495210759937e-6,3.3374495210759937e-6
ALL,Uncut DSB,chrXIV:180001-190000,0,0,4.7058038247171e-4,4.7058038247171e-4
ALL,Uncut DSB,chrXIV:200001-210000,0,0,6.0074091379367887e-5,6.0074091379367887e-5
ALL,Uncut DSB,chrXIV:20001-30000,0,0,8.677368754797583e-5,8.677368754797583e-5
ALL,Uncut DSB,chrXIV:210001-220000,0,0,6.674899042151987e-6,6.674899042151987e-6
ALL,Uncut DSB,chrXIV:270001-280000,0,0,1.3349798084303976e-5,1.3349798084303976e-5
ALL,Uncut DSB,chrXIV:290001-300000,0,0,0.00350432199712979,0.00350432199712979
ALL,Uncut DSB,chrXIV:310001-320000,0,0,8.8108667356406e-4,8.8108667356406e-4
ALL,Uncut DSB,chrXIV:330001-340000,0,0,3.0037045689683e-4,3.0037045689683e-4
ALL,Uncut DSB,chrXIV:360001-370000,0,0,1.3349798084303976e-5,1.3349798084303976e-5
ALL,Uncut DSB,chrXIV:370001-380000,0,0,3.3374495210759937e-6,3.3374495210759937e-6
ALL,Uncut DSB,chrXIV:380001-390000,0,0,1.0679838467443e-4,1.0679838467443e-4
ALL,Uncut DSB,chrXIV:400001-410000,0,0,3.3374495210759937e-6,3.3374495210759937e-6
ALL,Uncut DSB,chrXIV:430001-440000,0,0,0.0022794780228949,0.0022794780228949
ALL,Uncut DSB,chrXIV:470001-480000,0,0,0.01139071521543236,0.01139071521543236
ALL,Uncut DSB,chrXIV:480001-490000,0,0,2.002469712645596e-5,2.002469712645596e-5
ALL,Uncut DSB,chrXIV:500001-510000,0,0,3.4375730067082e-4,3.4375730067082e-4
ALL,Uncut DSB,chrXIV:520001-530000,0,0,0.001625337916764,0.001625337916764
ALL,Uncut DSB,chrXIV:530001-540000,0,0,3.671194473183593e-5,3.671194473183593e-5
ALL,Uncut DSB,chrXIV:540001-550000,0,0,3.3374495210759937e-6,3.3374495210759937e-6
ALL,Uncut DSB,chrXIV:560001-570000,0,0,0.00258318592931281,0.00258318592931281
ALL,Uncut DSB,chrXIV:570001-580000,0,0,2.002469712645596e-5,2.002469712645596e-5
ALL,Uncut DSB,chrXIV:590001-600000,0,0,2.3362146647531955e-5,2.3362146647531955e-5
ALL,Uncut DSB,chrXIV:600001-610000,0,0,4.672429329506391e-5,4.672429329506391e-5
ALL,Uncut DSB,chrXIV:630001-640000,0,0,0.0012782431665721,0.0012782431665721
ALL,Uncut DSB,chrXIV:660001-670000,0,0,6.1742816139905e-4,6.1742816139905e-4
ALL,Uncut DSB,chrXIV:670001-680000,0,0,3.3374495210759937e-6,3.3374495210759937e-6
ALL,Uncut DSB,chrXIV:680001-690000,0,0,2.002469712645596e-5,2.002469712645596e-5
ALL,Uncut DSB,chrXIV:710001-720000,0,0,0.00198911991456129,0.00198911991456129
ALL,Uncut DSB,chrXIV:720001-730000,0,0,1.1681073323765e-4,1.1681073323765e-4
ALL,Uncut DSB,chrXIV:740001-750000,0,0,0.00286019423956212,0.00286019423956212
ALL,Uncut DSB,chrXIV:780001-790000,0,0,3.3374495210759937e-6,3.3374495210759937e-6
ALL,Uncut DSB,chrXV:1000001-1010000,0,0,3.3374495210759937e-6,3.3374495210759937e-6
ALL,Uncut DSB,chrXV:10001-20000,0,0,9.0444882021159e-4,9.0444882021159e-4
ALL,Uncut DSB,chrXV:1010001-1020000,0,0,3.3374495210759937e-6,3.3374495210759937e-6
ALL,Uncut DSB,chrXV:1030001-1040000,0,0,3.3374495210759937e-6,3.3374495210759937e-6
ALL,Uncut DSB,chrXV:1050001-1060000,0,0,8.7107432500083e-4,8.7107432500083e-4
ALL,Uncut DSB,chrXV:1080001-1090000,0,0,0.00172879885191736,0.00172879885191736
ALL,Uncut DSB,chrXV:110001-120000,0,0,3.3374495210759937e-6,3.3374495210759937e-6
ALL,Uncut DSB,chrXV:120001-130000,0,0,3.8046924540266e-4,3.8046924540266e-4
ALL,Uncut DSB,chrXV:140001-150000,0,0,6.674899042151987e-6,6.674899042151987e-6
ALL,Uncut DSB,chrXV:160001-170000,0,0,6.0074091379367887e-5,6.0074091379367887e-5
ALL,Uncut DSB,chrXV:170001-180000,0,0,2.3362146647531955e-5,2.3362146647531955e-5
ALL,Uncut DSB,chrXV:230001-240000,0,0,3.3374495210759937e-6,3.3374495210759937e-6
ALL,Uncut DSB,chrXV:290001-300000,0,0,3.1372025498114e-4,3.1372025498114e-4
ALL,Uncut DSB,chrXV:320001-330000,0,0,3.3374495210759934e-5,3.3374495210759934e-5
ALL,Uncut DSB,chrXV:350001-360000,0,0,3.0037045689683e-4,3.0037045689683e-4
ALL,Uncut DSB,chrXV:360001-370000,0,0,3.3374495210759937e-6,3.3374495210759937e-6
ALL,Uncut DSB,chrXV:370001-380000,0,0,2.669959616860795e-5,2.669959616860795e-5
ALL,Uncut DSB,chrXV:390001-400000,0,0,4.672429329506391e-5,4.672429329506391e-5
ALL,Uncut DSB,chrXV:420001-430000,0,0,3.3374495210759937e-6,3.3374495210759937e-6
ALL,Uncut DSB,chrXV:440001-450000,0,0,1.1681073323765e-4,1.1681073323765e-4
ALL,Uncut DSB,chrXV:480001-490000,0,0,2.002469712645596e-5,2.002469712645596e-5
ALL,Uncut DSB,chrXV:50001-60000,0,0,3.470947501919e-4,3.470947501919e-4
ALL,Uncut DSB,chrXV:510001-520000,0,0,0.00376464305977372,0.00376464305977372
ALL,Uncut DSB,chrXV:530001-540000,0,0,7.676133898474786e-5,7.676133898474786e-5
ALL,Uncut DSB,chrXV:550001-560000,0,0,0.00140840369789406,0.00140840369789406
ALL,Uncut DSB,chrXV:560001-570000,0,0,7.5760104128425e-4,7.5760104128425e-4
ALL,Uncut DSB,chrXV:570001-580000,0,0,3.3374495210759937e-6,3.3374495210759937e-6
ALL,Uncut DSB,chrXV:600001-610000,0,0,0.00107132129626539,0.00107132129626539
ALL,Uncut DSB,chrXV:610001-620000,0,0,0.0059773720922471,0.0059773720922471
ALL,Uncut DSB,chrXV:640001-650000,0,0,1.001234856322798e-5,1.001234856322798e-5
ALL,Uncut DSB,chrXV:670001-680000,0,0,6.674899042151987e-6,6.674899042151987e-6
ALL,Uncut DSB,chrXV:680001-690000,0,0,1.5686012749057e-4,1.5686012749057e-4
ALL,Uncut DSB,chrXV:690001-700000,0,0,4.672429329506391e-5,4.672429329506391e-5
ALL,Uncut DSB,chrXV:700001-710000,0,0,6.941895003838e-4,6.941895003838e-4
ALL,Uncut DSB,chrXV:720001-730000,0,0,0.00120148182758735,0.00120148182758735
ALL,Uncut DSB,chrXV:760001-770000,0,0,3.3374495210759937e-6,3.3374495210759937e-6
ALL,Uncut DSB,chrXV:780001-790000,0,0,3.9048159396589e-4,3.9048159396589e-4
ALL,Uncut DSB,chrXV:790001-800000,0,0,3.3374495210759937e-6,3.3374495210759937e-6
ALL,Uncut DSB,chrXV:80001-90000,0,0,0.00124153122184026,0.00124153122184026
ALL,Uncut DSB,chrXV:810001-820000,0,0,0.00160865066915862,0.00160865066915862
ALL,Uncut DSB,chrXV:820001-830000,0,0,0.00113139538764476,0.00113139538764476
ALL,Uncut DSB,chrXV:840001-850000,0,0,4.004939425291192e-5,4.004939425291192e-5
ALL,Uncut DSB,chrXV:850001-860000,0,0,6.6081500517304e-4,6.6081500517304e-4
ALL,Uncut DSB,chrXV:860001-870000,0,0,6.341154090044388e-5,6.341154090044388e-5
ALL,Uncut DSB,chrXV:880001-890000,0,0,0.00166538731101692,0.00166538731101692
ALL,Uncut DSB,chrXV:930001-940000,0,0,0.00113139538764476,0.00113139538764476
ALL,Uncut DSB,chrXV:970001-980000,0,0,0.00113473283716583,0.00113473283716583
ALL,Uncut DSB,chrXVI:1-10000,0,0,0.00120481927710843,0.00120481927710843
ALL,Uncut DSB,chrXVI:130001-140000,0,0,0.00350765944665086,0.00350765944665086
ALL,Uncut DSB,chrXVI:230001-240000,0,0,0.00238293895804825,0.00238293895804825
ALL,Uncut DSB,chrXVI:250001-260000,0,0,6.674899042151987e-6,6.674899042151987e-6
ALL,Uncut DSB,chrXVI:290001-300000,0,0,0.00266328471781864,0.00266328471781864
ALL,Uncut DSB,chrXVI:320001-330000,0,0,1.6687247605379967e-5,1.6687247605379967e-5
ALL,Uncut DSB,chrXVI:330001-340000,0,0,4.6056803390848e-4,4.6056803390848e-4
ALL,Uncut DSB,chrXVI:340001-350000,0,0,0.00142175349597837,0.00142175349597837
ALL,Uncut DSB,chrXVI:350001-360000,0,0,3.3374495210759937e-6,3.3374495210759937e-6
ALL,Uncut DSB,chrXVI:420001-430000,0,0,3.3374495210759937e-6,3.3374495210759937e-6
ALL,Uncut DSB,chrXVI:430001-440000,0,0,3.3374495210759937e-6,3.3374495210759937e-6
ALL,Uncut DSB,chrXVI:460001-470000,0,0,1.2682308180088e-4,1.2682308180088e-4
ALL,Uncut DSB,chrXVI:470001-480000,0,0,0.00475252811801221,0.00475252811801221
ALL,Uncut DSB,chrXVI:520001-530000,0,0,3.3374495210759934e-5,3.3374495210759934e-5
ALL,Uncut DSB,chrXVI:540001-550000,0,0,3.3374495210759937e-6,3.3374495210759937e-6
ALL,Uncut DSB,chrXVI:600001-610000,0,0,3.3374495210759937e-6,3.3374495210759937e-6
ALL,Uncut DSB,chrXVI:60001-70000,0,0,3.3708240162867e-4,3.3708240162867e-4
ALL,Uncut DSB,chrXVI:610001-620000,0,0,3.3374495210759937e-6,3.3374495210759937e-6
ALL,Uncut DSB,chrXVI:660001-670000,0,0,3.3374495210759937e-6,3.3374495210759937e-6
ALL,Uncut DSB,chrXVI:670001-680000,0,0,2.4363381503854e-4,2.4363381503854e-4
ALL,Uncut DSB,chrXVI:680001-690000,0,0,3.3374495210759937e-6,3.3374495210759937e-6
ALL,Uncut DSB,chrXVI:700001-710000,0,0,6.674899042151987e-6,6.674899042151987e-6
ALL,Uncut DSB,chrXVI:710001-720000,0,0,6.674899042151987e-6,6.674899042151987e-6
ALL,Uncut DSB,chrXVI:720001-730000,0,0,0.00348763474952441,0.00348763474952441
ALL,Uncut DSB,chrXVI:740001-750000,0,0,3.3374495210759937e-6,3.3374495210759937e-6
ALL,Uncut DSB,chrXVI:790001-800000,0,0,1.0346093515335e-4,1.0346093515335e-4
ALL,Uncut DSB,chrXVI:800001-810000,0,0,0.00197910756599806,0.00197910756599806
ALL,Uncut DSB,chrXVI:840001-850000,0,0,0.00112805793812368,0.00112805793812368
ALL,Uncut DSB,chrXVI:850001-860000,0,0,3.6711944731835e-4,3.6711944731835e-4
ALL,Uncut DSB,chrXVI:870001-880000,0,0,1.3349798084303976e-5,1.3349798084303976e-5
ALL,Uncut DSB,chrXVI:930001-940000,0,0,0.00273670860728231,0.00273670860728231
ALL,Uncut DSB,chrXVI:940001-950000,0,0,3.470947501919e-4,3.470947501919e-4
