batch,time_point,replicate,DSB,repeat,allele,combo,Counts,Uncuttable_Combo_Counts,Fold_of_Uncuttable,Percent_of_Uncuttable
6,0,1,DSB1,INTACT,CHRIII_L02,A_to_B,51283,23997,2.1370587990165437,213.70587990165438
6,0,1,DSB1,INTACT,CHRIII_L03,A_to_B,38174,23997,1.5907821811059715,159.07821811059716
6,0,1,DSB1,INTACT,CHRIII_L04,A_to_B,228463,23997,9.520481726882528,952.0481726882527
6,0,1,DSB1,INTACT,CHRIV_L01,A_to_B,49541,23997,2.0644663916322874,206.44663916322872
6,0,1,DSB1,INTACT,CHRIV_L03,A_to_B,32857,23997,1.3692128182689502,136.92128182689504
6,0,1,DSB1,INTACT,CHRIV_L06_2,A_to_B,54088,23997,2.253948410217944,225.39484102179438
6,0,1,DSB1,INTACT,CHRIV_L10_2,A_to_B,39551,23997,1.648164353877568,164.8164353877568
6,0,1,DSB1,INTACT,CHRIV_L12_2,A_to_B,44777,23997,1.865941576030337,186.59415760303372
6,0,1,DSB1,INTACT,CHRIV_L13,A_to_B,29708,23997,1.2379880818435638,123.79880818435637
6,0,1,DSB1,INTACT,CHRIV_L15_2,A_to_B,51410,23997,2.142351127224236,214.23511272242362
6,0,1,DSB1,INTACT,CHRVII_990K,A_to_B,55756,23997,2.3234570988040173,232.34570988040173
6,0,1,DSB1,INTACT,CHRVII_L03,A_to_B,25406,23997,1.0587156727924323,105.87156727924324
6,0,1,DSB1,INTACT,CHRVII_L06,A_to_B,37751,23997,1.5731549777055465,157.31549777055466
6,0,1,DSB1,INTACT,CHRVII_L09,A_to_B,47770,23997,1.9906654998541484,199.06654998541484
6,0,1,DSB1,INTACT,CHRXII_L01,A_to_B,36766,23997,1.5321081801891903,153.21081801891904
6,0,1,DSB1,INTACT,CHRXII_L05,A_to_B,115878,23997,4.828853606700838,482.88536067008374
6,0,1,DSB1,INTACT,CHRXII_L07,A_to_B,37186,23997,1.549610367962662,154.9610367962662
6,0,1,DSB1,INTACT,CHRXII_L12,A_to_B,43616,23997,1.8175605283993832,181.75605283993832
6,0,1,DSB1,INTACT,CHRXV_L01,A_to_B,51209,23997,2.133975080218361,213.39750802183607
6,0,1,DSB1,INTACT,CHRXV_L04,A_to_B,58,23997,0.0024169687877651372,0.24169687877651372
6,0,1,DSB1,INTACT,CHRXV_L15,A_to_B,39981,23997,1.6660832604075508,166.6083260407551
6,0,1,DSB1,INTACT,CHRXV_L17_2,A_to_B,50534,23997,2.1058465641538526,210.58465641538527
6,0,1,DSB1,INTACT,CHRXV_L18_1PERCENT_CONTROL,A_to_B,7649,23997,0.31874817685544027,31.874817685544027
6,0,1,DSB1,INTACT,COMMON,A_to_B,170,23997,0.007084218860690919,0.708421886069092
6,0,1,DSB1,INTACT,NO_CUT,A_to_B,23997,23997,1,100
6,0,1,DSB1,SSA,CHRIII_L02,A_to_B,1267,15119,0.0838018387459488,8.38018387459488
6,0,1,DSB1,SSA,CHRIII_L03,A_to_B,877,15119,0.05800648191017924,5.800648191017925
6,0,1,DSB1,SSA,CHRIII_L04,A_to_B,5996,15119,0.39658707586480585,39.65870758648059
6,0,1,DSB1,SSA,CHRIV_L01,A_to_B,1356,15119,0.08968847145975263,8.968847145975262
6,0,1,DSB1,SSA,CHRIV_L03,A_to_B,768,15119,0.05079701038428468,5.0797010384284675
6,0,1,DSB1,SSA,CHRIV_L06_2,A_to_B,1373,15119,0.09081288445002976,9.081288445002976
6,0,1,DSB1,SSA,CHRIV_L10_2,A_to_B,1053,15119,0.06964746345657781,6.964746345657781
6,0,1,DSB1,SSA,CHRIV_L12_2,A_to_B,1127,15119,0.07454196706131358,7.454196706131358
6,0,1,DSB1,SSA,CHRIV_L13,A_to_B,730,15119,0.048283616641312255,4.828361664131226
6,0,1,DSB1,SSA,CHRIV_L15_2,A_to_B,1259,15119,0.0832727032211125,8.32727032211125
6,0,1,DSB1,SSA,CHRVII_990K,A_to_B,1365,15119,0.09028374892519346,9.028374892519347
6,0,1,DSB1,SSA,CHRVII_L03,A_to_B,682,15119,0.045108803492294465,4.5108803492294465
6,0,1,DSB1,SSA,CHRVII_L06,A_to_B,960,15119,0.06349626298035585,6.349626298035584
6,0,1,DSB1,SSA,CHRVII_L09,A_to_B,1171,15119,0.07745221244791323,7.745221244791322
6,0,1,DSB1,SSA,CHRXII_L01,A_to_B,874,15119,0.05780805608836563,5.780805608836563
6,0,1,DSB1,SSA,CHRXII_L05,A_to_B,2963,15119,0.19597857001124414,19.597857001124414
6,0,1,DSB1,SSA,CHRXII_L07,A_to_B,926,15119,0.06124743699980158,6.124743699980157
6,0,1,DSB1,SSA,CHRXII_L12,A_to_B,1071,15119,0.07083801838745948,7.0838018387459485
6,0,1,DSB1,SSA,CHRXV_L01,A_to_B,1248,15119,0.0825451418744626,8.25451418744626
6,0,1,DSB1,SSA,CHRXV_L04,A_to_B,3,15119,1.9842582181361202e-4,0.0198425821813612
6,0,1,DSB1,SSA,CHRXV_L15,A_to_B,974,15119,0.06442225014881936,6.442225014881936
6,0,1,DSB1,SSA,CHRXV_L17_2,A_to_B,1213,15119,0.08023017395330378,8.02301739533038
6,0,1,DSB1,SSA,CHRXV_L18_1PERCENT_CONTROL,A_to_B,187,15119,0.012368542893048482,1.2368542893048482
6,0,1,DSB1,SSA,COMMON,A_to_B,8,15119,5.291355248362987e-4,0.05291355248362987
6,0,1,DSB1,SSA,NO_CUT,A_to_B,15119,15119,1,100
6,0,1,DSB2,INTACT,CHRIII_L02,C_to_D,213,21258,0.010019757267852102,1.0019757267852103
6,0,1,DSB2,INTACT,CHRIII_L03,C_to_D,96,21258,0.004515946937623483,0.4515946937623483
6,0,1,DSB2,INTACT,CHRIII_L04,C_to_D,348,21258,0.016370307648885127,1.6370307648885125
6,0,1,DSB2,INTACT,CHRIV_L01,C_to_D,61,21258,0.002869507949948255,0.28695079499482545
6,0,1,DSB2,INTACT,CHRIV_L03,C_to_D,407,21258,0.019145733370966225,1.9145733370966225
6,0,1,DSB2,INTACT,CHRIV_L06_2,C_to_D,34,21258,0.0015993978737416502,0.15993978737416503
6,0,1,DSB2,INTACT,CHRIV_L10_2,C_to_D,184,21258,0.008655564963778343,0.8655564963778343
6,0,1,DSB2,INTACT,CHRIV_L12_2,C_to_D,186,21258,0.008749647191645497,0.8749647191645498
6,0,1,DSB2,INTACT,CHRIV_L13,C_to_D,73,21258,0.00343400131715119,0.343400131715119
6,0,1,DSB2,INTACT,CHRIV_L15_2,C_to_D,295,21258,0.013877128610405494,1.3877128610405494
6,0,1,DSB2,INTACT,CHRVII_990K,C_to_D,48,21258,0.0022579734688117415,0.22579734688117414
6,0,1,DSB2,INTACT,CHRVII_L03,C_to_D,764,21258,0.03593941104525355,3.593941104525355
6,0,1,DSB2,INTACT,CHRVII_L06,C_to_D,19,21258,8.93781164737981e-4,0.0893781164737981
6,0,1,DSB2,INTACT,CHRVII_L09,C_to_D,230,21258,0.010819456204722928,1.0819456204722928
6,0,1,DSB2,INTACT,CHRXII_L01,C_to_D,1201,21258,0.05649637783422711,5.649637783422712
6,0,1,DSB2,INTACT,CHRXII_L05,C_to_D,47,21258,0.0022109323548781634,0.22109323548781634
6,0,1,DSB2,INTACT,CHRXII_L07,C_to_D,121,21258,0.005691974785962932,0.5691974785962931
6,0,1,DSB2,INTACT,CHRXII_L12,C_to_D,119,21258,0.0055978925580957755,0.5597892558095776
6,0,1,DSB2,INTACT,CHRXV_L01,C_to_D,67,21258,0.0031517546335497223,0.31517546335497226
6,0,1,DSB2,INTACT,CHRXV_L04,C_to_D,113,21258,0.005315645874494308,0.5315645874494308
6,0,1,DSB2,INTACT,CHRXV_L15,C_to_D,234,21258,0.01100762066045724,1.100762066045724
6,0,1,DSB2,INTACT,CHRXV_L17_2,C_to_D,43,21258,0.002022767899143852,0.20227678991438516
6,0,1,DSB2,INTACT,CHRXV_L18_1PERCENT_CONTROL,C_to_D,33,21258,0.0015523567598080723,0.15523567598080723
6,0,1,DSB2,INTACT,COMMON,C_to_D,1715641,21258,80.70566375011761,8070.56637501176
6,0,1,DSB2,INTACT,NO_CUT,C_to_D,21258,21258,1,100
6,0,1,DSB2,SSA,CHRIII_L02,C_to_D,5,10877,4.596855750666544e-4,0.04596855750666544
6,0,1,DSB2,SSA,CHRIII_L04,C_to_D,3,10877,2.7581134503999266e-4,0.027581134503999266
6,0,1,DSB2,SSA,CHRIV_L03,C_to_D,3,10877,2.7581134503999266e-4,0.027581134503999266
6,0,1,DSB2,SSA,CHRIV_L10_2,C_to_D,2,10877,1.8387423002666178e-4,0.018387423002666176
6,0,1,DSB2,SSA,CHRIV_L12_2,C_to_D,2,10877,1.8387423002666178e-4,0.018387423002666176
6,0,1,DSB2,SSA,CHRIV_L15_2,C_to_D,7,10877,6.435598050933162e-4,0.06435598050933161
6,0,1,DSB2,SSA,CHRVII_990K,C_to_D,2,10877,1.8387423002666178e-4,0.018387423002666176
6,0,1,DSB2,SSA,CHRVII_L03,C_to_D,7,10877,6.435598050933162e-4,0.06435598050933161
6,0,1,DSB2,SSA,CHRVII_L06,C_to_D,1,10877,9.193711501333089e-5,0.009193711501333088
6,0,1,DSB2,SSA,CHRVII_L09,C_to_D,6,10877,5.516226900799853e-4,0.05516226900799853
6,0,1,DSB2,SSA,CHRXII_L01,C_to_D,11,10877,0.0010113082651466397,0.10113082651466397
6,0,1,DSB2,SSA,CHRXII_L07,C_to_D,1,10877,9.193711501333089e-5,0.009193711501333088
6,0,1,DSB2,SSA,CHRXII_L12,C_to_D,1,10877,9.193711501333089e-5,0.009193711501333088
6,0,1,DSB2,SSA,CHRXV_L04,C_to_D,2,10877,1.8387423002666178e-4,0.018387423002666176
6,0,1,DSB2,SSA,CHRXV_L15,C_to_D,2,10877,1.8387423002666178e-4,0.018387423002666176
6,0,1,DSB2,SSA,COMMON,C_to_D,24871,10877,2.2865679874965523,228.65679874965522
6,0,1,DSB2,SSA,NO_CUT,C_to_D,10877,10877,1,100
6,0,1,TRANS,INTACT,CHRIII_L02,A_to_D,124,418,0.2966507177033493,29.66507177033493
6,0,1,TRANS,INTACT,CHRIII_L02,C_to_B,3,106,0.02830188679245283,2.830188679245283
6,0,1,TRANS,INTACT,CHRIII_L03,A_to_D,35,418,0.08373205741626795,8.373205741626794
6,0,1,TRANS,INTACT,CHRIII_L04,A_to_D,512,418,1.2248803827751196,122.48803827751196
6,0,1,TRANS,INTACT,CHRIV_L01,A_to_D,152,418,0.36363636363636365,36.36363636363637
6,0,1,TRANS,INTACT,CHRIV_L03,A_to_D,161,418,0.38516746411483255,38.516746411483254
6,0,1,TRANS,INTACT,CHRIV_L03,C_to_B,1,106,0.009433962264150943,0.9433962264150944
6,0,1,TRANS,INTACT,CHRIV_L06_2,A_to_D,105,418,0.2511961722488038,25.119617224880383
6,0,1,TRANS,INTACT,CHRIV_L10_2,A_to_D,199,418,0.47607655502392343,47.60765550239235
6,0,1,TRANS,INTACT,CHRIV_L12_2,A_to_D,157,418,0.37559808612440193,37.55980861244019
6,0,1,TRANS,INTACT,CHRIV_L12_2,C_to_B,1,106,0.009433962264150943,0.9433962264150944
6,0,1,TRANS,INTACT,CHRIV_L13,A_to_D,96,418,0.22966507177033493,22.966507177033492
6,0,1,TRANS,INTACT,CHRIV_L15_2,A_to_D,175,418,0.41866028708133973,41.866028708133975
6,0,1,TRANS,INTACT,CHRIV_L15_2,C_to_B,8,106,0.07547169811320754,7.547169811320755
6,0,1,TRANS,INTACT,CHRVII_990K,A_to_D,88,418,0.21052631578947367,21.05263157894737
6,0,1,TRANS,INTACT,CHRVII_L03,A_to_D,96,418,0.22966507177033493,22.966507177033492
6,0,1,TRANS,INTACT,CHRVII_L06,A_to_D,211,418,0.5047846889952153,50.47846889952153
6,0,1,TRANS,INTACT,CHRVII_L09,A_to_D,138,418,0.33014354066985646,33.014354066985646
6,0,1,TRANS,INTACT,CHRXII_L01,A_to_D,69,418,0.16507177033492823,16.507177033492823
6,0,1,TRANS,INTACT,CHRXII_L01,C_to_B,1,106,0.009433962264150943,0.9433962264150944
6,0,1,TRANS,INTACT,CHRXII_L05,A_to_D,188,418,0.44976076555023925,44.97607655502392
6,0,1,TRANS,INTACT,CHRXII_L07,A_to_D,193,418,0.46172248803827753,46.17224880382775
6,0,1,TRANS,INTACT,CHRXII_L12,A_to_D,184,418,0.44019138755980863,44.01913875598086
6,0,1,TRANS,INTACT,CHRXV_L01,A_to_D,170,418,0.40669856459330145,40.66985645933014
6,0,1,TRANS,INTACT,CHRXV_L15,A_to_D,99,418,0.23684210526315788,23.68421052631579
6,0,1,TRANS,INTACT,CHRXV_L17_2,A_to_D,245,418,0.5861244019138756,58.61244019138756
6,0,1,TRANS,INTACT,CHRXV_L18_1PERCENT_CONTROL,A_to_D,31,418,0.07416267942583732,7.416267942583732
6,0,1,TRANS,INTACT,COMMON,A_to_D,2,418,0.004784688995215311,0.4784688995215311
6,0,1,TRANS,INTACT,COMMON,C_to_B,2045,106,19.29245283018868,1929.245283018868
6,0,1,TRANS,INTACT,NO_CUT,A_to_D,418,418,1,100
6,0,1,TRANS,INTACT,NO_CUT,C_to_B,106,106,1,100
6,0,1,TRANS,SSA,CHRIII_L02,A_to_D,14,122,0.11475409836065574,11.475409836065573
6,0,1,TRANS,SSA,CHRIII_L03,A_to_D,3,122,0.02459016393442623,2.459016393442623
6,0,1,TRANS,SSA,CHRIII_L04,A_to_D,69,122,0.5655737704918032,56.557377049180324
6,0,1,TRANS,SSA,CHRIV_L01,A_to_D,31,122,0.2540983606557377,25.40983606557377
6,0,1,TRANS,SSA,CHRIV_L03,A_to_D,34,122,0.2786885245901639,27.868852459016395
6,0,1,TRANS,SSA,CHRIV_L06_2,A_to_D,18,122,0.14754098360655737,14.754098360655737
6,0,1,TRANS,SSA,CHRIV_L10_2,A_to_D,50,122,0.4098360655737705,40.98360655737705
6,0,1,TRANS,SSA,CHRIV_L12_2,A_to_D,32,122,0.26229508196721313,26.229508196721312
6,0,1,TRANS,SSA,CHRIV_L13,A_to_D,20,122,0.16393442622950818,16.39344262295082
6,0,1,TRANS,SSA,CHRIV_L15_2,A_to_D,22,122,0.18032786885245902,18.0327868852459
6,0,1,TRANS,SSA,CHRVII_990K,A_to_D,19,122,0.1557377049180328,15.573770491803279
6,0,1,TRANS,SSA,CHRVII_L03,A_to_D,17,122,0.13934426229508196,13.934426229508198
6,0,1,TRANS,SSA,CHRVII_L06,A_to_D,44,122,0.36065573770491804,36.0655737704918
6,0,1,TRANS,SSA,CHRVII_L09,A_to_D,22,122,0.18032786885245902,18.0327868852459
6,0,1,TRANS,SSA,CHRXII_L01,A_to_D,17,122,0.13934426229508196,13.934426229508198
6,0,1,TRANS,SSA,CHRXII_L05,A_to_D,18,122,0.14754098360655737,14.754098360655737
6,0,1,TRANS,SSA,CHRXII_L07,A_to_D,33,122,0.27049180327868855,27.049180327868854
6,0,1,TRANS,SSA,CHRXII_L12,A_to_D,36,122,0.29508196721311475,29.508196721311474
6,0,1,TRANS,SSA,CHRXV_L01,A_to_D,29,122,0.23770491803278687,23.770491803278688
6,0,1,TRANS,SSA,CHRXV_L15,A_to_D,16,122,0.13114754098360656,13.114754098360656
6,0,1,TRANS,SSA,CHRXV_L17_2,A_to_D,65,122,0.5327868852459017,53.278688524590166
6,0,1,TRANS,SSA,CHRXV_L18_1PERCENT_CONTROL,A_to_D,9,122,0.07377049180327869,7.377049180327869
6,0,1,TRANS,SSA,COMMON,C_to_B,676,18,37.55555555555556,3755.5555555555557
6,0,1,TRANS,SSA,NO_CUT,A_to_D,122,122,1,100
6,0,1,TRANS,SSA,NO_CUT,C_to_B,18,18,1,100
6,180,1,DSB1,INTACT,CHRIII_L02,A_to_B,6826,22097,0.3089107118613386,30.891071186133864
6,180,1,DSB1,INTACT,CHRIII_L03,A_to_B,18356,22097,0.8307010001357651,83.070100013576507
6,180,1,DSB1,INTACT,CHRIII_L04,A_to_B,127393,22097,5.765171742770512,576.5171742770511
6,180,1,DSB1,INTACT,CHRIV_L01,A_to_B,17754,22097,0.803457482916233,80.3457482916233
6,180,1,DSB1,INTACT,CHRIV_L03,A_to_B,5337,22097,0.24152599900438973,24.152599900438975
6,180,1,DSB1,INTACT,CHRIV_L06_2,A_to_B,22259,22097,1.0073313119427976,100.73313119427976
6,180,1,DSB1,INTACT,CHRIV_L10_2,A_to_B,14797,22097,0.6696384124541793,66.96384124541792
6,180,1,DSB1,INTACT,CHRIV_L12_2,A_to_B,22924,22097,1.037425894917862,103.74258949178622
6,180,1,DSB1,INTACT,CHRIV_L13,A_to_B,13246,22097,0.5994478888536905,59.94478888536906
6,180,1,DSB1,INTACT,CHRIV_L15_2,A_to_B,24287,22097,1.0991084762637462,109.91084762637462
6,180,1,DSB1,INTACT,CHRVII_990K,A_to_B,25634,22097,1.160066977417749,116.0066977417749
6,180,1,DSB1,INTACT,CHRVII_L03,A_to_B,10929,22097,0.4945920260668869,49.45920260668869
6,180,1,DSB1,INTACT,CHRVII_L06,A_to_B,17537,22097,0.7936371453138436,79.36371453138435
6,180,1,DSB1,INTACT,CHRVII_L09,A_to_B,7633,22097,0.34543150653934923,34.54315065393492
6,180,1,DSB1,INTACT,CHRXII_L01,A_to_B,15705,22097,0.7107299633434403,71.07299633434403
6,180,1,DSB1,INTACT,CHRXII_L05,A_to_B,50405,22097,2.281078879485903,228.1078879485903
6,180,1,DSB1,INTACT,CHRXII_L07,A_to_B,16565,22097,0.7496492736570575,74.96492736570575
6,180,1,DSB1,INTACT,CHRXII_L12,A_to_B,8006,22097,0.3623116260125809,36.23116260125809
6,180,1,DSB1,INTACT,CHRXV_L01,A_to_B,22259,22097,1.0073313119427976,100.73313119427976
6,180,1,DSB1,INTACT,CHRXV_L04,A_to_B,25,22097,0.0011313752998144545,0.11313752998144544
6,180,1,DSB1,INTACT,CHRXV_L15,A_to_B,6156,22097,0.27858985382631124,27.858985382631126
6,180,1,DSB1,INTACT,CHRXV_L17_2,A_to_B,24203,22097,1.0953070552563697,109.53070552563696
6,180,1,DSB1,INTACT,CHRXV_L18_1PERCENT_CONTROL,A_to_B,3927,22097,0.1777164320948545,17.77164320948545
6,180,1,DSB1,INTACT,COMMON,A_to_B,54,22097,0.0024437706475992217,0.24437706475992216
6,180,1,DSB1,INTACT,NO_CUT,A_to_B,22097,22097,1,100
6,180,1,DSB1,SSA,CHRIII_L02,A_to_B,16081,91176,0.17637316837764325,17.637316837764324
6,180,1,DSB1,SSA,CHRIII_L03,A_to_B,38422,91176,0.42140475563744845,42.14047556374484
6,180,1,DSB1,SSA,CHRIII_L04,A_to_B,162267,91176,1.7797117662542774,177.97117662542774
6,180,1,DSB1,SSA,CHRIV_L01,A_to_B,40327,91176,0.4422984118627709,44.22984118627709
6,180,1,DSB1,SSA,CHRIV_L03,A_to_B,10209,91176,0.11197025533035009,11.19702553303501
6,180,1,DSB1,SSA,CHRIV_L06_2,A_to_B,48033,91176,0.5268162674387997,52.68162674387997
6,180,1,DSB1,SSA,CHRIV_L10_2,A_to_B,37406,91176,0.4102614723172765,41.02614723172765
6,180,1,DSB1,SSA,CHRIV_L12_2,A_to_B,54081,91176,0.5931495130297447,59.314951302974464
6,180,1,DSB1,SSA,CHRIV_L13,A_to_B,28193,91176,0.3092151443362288,30.921514433622882
6,180,1,DSB1,SSA,CHRIV_L15_2,A_to_B,57327,91176,0.6287509871018689,62.87509871018689
6,180,1,DSB1,SSA,CHRVII_990K,A_to_B,58542,91176,0.6420768623321926,64.20768623321926
6,180,1,DSB1,SSA,CHRVII_L03,A_to_B,23343,91176,0.25602132140036854,25.60213214003685
6,180,1,DSB1,SSA,CHRVII_L06,A_to_B,36659,91176,0.40206852680529964,40.20685268052996
6,180,1,DSB1,SSA,CHRVII_L09,A_to_B,17125,91176,0.18782355005703255,18.782355005703256
6,180,1,DSB1,SSA,CHRXII_L01,A_to_B,33842,91176,0.37117223830832674,37.11722383083268
6,180,1,DSB1,SSA,CHRXII_L05,A_to_B,104898,91176,1.1505001316135826,115.05001316135825
6,180,1,DSB1,SSA,CHRXII_L07,A_to_B,35130,91176,0.3852987628323243,38.52987628323243
6,180,1,DSB1,SSA,CHRXII_L12,A_to_B,17410,91176,0.19094937264192333,19.094937264192332
6,180,1,DSB1,SSA,CHRXV_L01,A_to_B,57509,91176,0.6307471264367817,63.07471264367816
6,180,1,DSB1,SSA,CHRXV_L04,A_to_B,31,91176,3.4000175484776696e-4,0.0340001754847767
6,180,1,DSB1,SSA,CHRXV_L15,A_to_B,13568,91176,0.14881109063788717,14.881109063788717
6,180,1,DSB1,SSA,CHRXV_L17_2,A_to_B,52188,91176,0.5723874703869439,57.23874703869439
6,180,1,DSB1,SSA,CHRXV_L18_1PERCENT_CONTROL,A_to_B,11342,91176,0.1243967710801088,12.43967710801088
6,180,1,DSB1,SSA,COMMON,A_to_B,100,91176,0.0010967798543476354,0.10967798543476354
6,180,1,DSB1,SSA,NO_CUT,A_to_B,91176,91176,1,100
6,180,1,DSB2,INTACT,CHRIII_L02,C_to_D,52,11308,0.004598514326140785,0.4598514326140785
6,180,1,DSB2,INTACT,CHRIII_L03,C_to_D,14,11308,0.001238061549345596,0.1238061549345596
6,180,1,DSB2,INTACT,CHRIII_L04,C_to_D,66,11308,0.005836575875486381,0.5836575875486382
6,180,1,DSB2,INTACT,CHRIV_L01,C_to_D,16,11308,0.0014149274849663955,0.14149274849663954
6,180,1,DSB2,INTACT,CHRIV_L03,C_to_D,77,11308,0.006809338521400778,0.6809338521400778
6,180,1,DSB2,INTACT,CHRIV_L06_2,C_to_D,7,11308,6.19030774672798e-4,0.0619030774672798
6,180,1,DSB2,INTACT,CHRIV_L10_2,C_to_D,26,11308,0.0022992571630703926,0.22992571630703926
6,180,1,DSB2,INTACT,CHRIV_L12_2,C_to_D,21,11308,0.001857092324018394,0.1857092324018394
6,180,1,DSB2,INTACT,CHRIV_L13,C_to_D,17,11308,0.0015033604527767952,0.15033604527767952
6,180,1,DSB2,INTACT,CHRIV_L15_2,C_to_D,56,11308,0.004952246197382384,0.4952246197382384
6,180,1,DSB2,INTACT,CHRVII_990K,C_to_D,13,11308,0.0011496285815351963,0.11496285815351963
6,180,1,DSB2,INTACT,CHRVII_L03,C_to_D,143,11308,0.01264591439688716,1.264591439688716
6,180,1,DSB2,INTACT,CHRVII_L06,C_to_D,5,11308,4.421648390519986e-4,0.04421648390519986
6,180,1,DSB2,INTACT,CHRVII_L09,C_to_D,33,11308,0.0029182879377431907,0.2918287937743191
6,180,1,DSB2,INTACT,CHRXII_L01,C_to_D,195,11308,0.017244428723027946,1.7244428723027945
6,180,1,DSB2,INTACT,CHRXII_L05,C_to_D,8,11308,7.074637424831977e-4,0.07074637424831977
6,180,1,DSB2,INTACT,CHRXII_L07,C_to_D,22,11308,0.0019455252918287938,0.19455252918287938
6,180,1,DSB2,INTACT,CHRXII_L12,C_to_D,27,11308,0.0023876901308807924,0.23876901308807924
6,180,1,DSB2,INTACT,CHRXV_L01,C_to_D,10,11308,8.843296781039972e-4,0.08843296781039972
6,180,1,DSB2,INTACT,CHRXV_L04,C_to_D,16,11308,0.0014149274849663955,0.14149274849663954
6,180,1,DSB2,INTACT,CHRXV_L15,C_to_D,20,11308,0.0017686593562079944,0.17686593562079944
6,180,1,DSB2,INTACT,CHRXV_L17_2,C_to_D,5,11308,4.421648390519986e-4,0.04421648390519986
6,180,1,DSB2,INTACT,CHRXV_L18_1PERCENT_CONTROL,C_to_D,8,11308,7.074637424831977e-4,0.07074637424831977
6,180,1,DSB2,INTACT,COMMON,C_to_D,563623,11308,49.84285461620092,4984.285461620092
6,180,1,DSB2,INTACT,NO_CUT,C_to_D,11308,11308,1,100
6,180,1,DSB2,SSA,CHRIII_L02,C_to_D,137,64040,0.0021392879450343534,0.21392879450343535
6,180,1,DSB2,SSA,CHRIII_L03,C_to_D,34,64040,5.309181761399126e-4,0.05309181761399125
6,180,1,DSB2,SSA,CHRIII_L04,C_to_D,176,64040,0.0027482823235477826,0.27482823235477827
6,180,1,DSB2,SSA,CHRIV_L01,C_to_D,62,64040,9.681449094316052e-4,0.09681449094316052
6,180,1,DSB2,SSA,CHRIV_L03,C_to_D,211,64040,0.0032948157401623984,0.32948157401623984
6,180,1,DSB2,SSA,CHRIV_L06_2,C_to_D,14,64040,2.1861336664584635e-4,0.021861336664584636
6,180,1,DSB2,SSA,CHRIV_L10_2,C_to_D,65,64040,0.0010149906308557152,0.10149906308557152
6,180,1,DSB2,SSA,CHRIV_L12_2,C_to_D,85,64040,0.0013272954403497814,0.13272954403497814
6,180,1,DSB2,SSA,CHRIV_L13,C_to_D,53,64040,8.276077451592755e-4,0.08276077451592755
6,180,1,DSB2,SSA,CHRIV_L15_2,C_to_D,128,64040,0.0019987507807620237,0.19987507807620236
6,180,1,DSB2,SSA,CHRVII_990K,C_to_D,20,64040,3.123048094940662e-4,0.03123048094940662
6,180,1,DSB2,SSA,CHRVII_L03,C_to_D,417,64040,0.0065115552779512805,0.6511555277951281
6,180,1,DSB2,SSA,CHRVII_L06,C_to_D,10,64040,1.561524047470331e-4,0.01561524047470331
6,180,1,DSB2,SSA,CHRVII_L09,C_to_D,106,64040,0.001655215490318551,0.1655215490318551
6,180,1,DSB2,SSA,CHRXII_L01,C_to_D,521,64040,0.008135540287320425,0.8135540287320425
6,180,1,DSB2,SSA,CHRXII_L05,C_to_D,23,64040,3.5915053091817615e-4,0.03591505309181761
6,180,1,DSB2,SSA,CHRXII_L07,C_to_D,63,64040,9.837601499063085e-4,0.09837601499063085
6,180,1,DSB2,SSA,CHRXII_L12,C_to_D,58,64040,9.05683947532792e-4,0.0905683947532792
6,180,1,DSB2,SSA,CHRXV_L01,C_to_D,24,64040,3.7476577139287947e-4,0.037476577139287946
6,180,1,DSB2,SSA,CHRXV_L04,C_to_D,51,64040,7.963772642098688e-4,0.07963772642098688
6,180,1,DSB2,SSA,CHRXV_L15,C_to_D,107,64040,0.0016708307307932541,0.16708307307932543
6,180,1,DSB2,SSA,CHRXV_L17_2,C_to_D,14,64040,2.1861336664584635e-4,0.021861336664584636
6,180,1,DSB2,SSA,CHRXV_L18_1PERCENT_CONTROL,C_to_D,18,64040,2.810743285446596e-4,0.028107432854465958
6,180,1,DSB2,SSA,COMMON,C_to_D,1117160,64040,17.44472204871955,1744.472204871955
6,180,1,DSB2,SSA,NO_CUT,C_to_D,64040,64040,1,100
6,180,1,TRANS,INTACT,CHRIII_L02,A_to_D,544,285,1.9087719298245613,190.87719298245614
6,180,1,TRANS,INTACT,CHRIII_L02,C_to_B,2,81,0.024691358024691357,2.4691358024691357
6,180,1,TRANS,INTACT,CHRIII_L03,A_to_D,1829,285,6.417543859649123,641.7543859649123
6,180,1,TRANS,INTACT,CHRIII_L04,A_to_D,3452,285,12.112280701754386,1211.2280701754387
6,180,1,TRANS,INTACT,CHRIV_L01,A_to_D,816,285,2.863157894736842,286.3157894736842
6,180,1,TRANS,INTACT,CHRIV_L03,A_to_D,795,285,2.789473684210526,278.94736842105266
6,180,1,TRANS,INTACT,CHRIV_L06_2,A_to_D,1170,285,4.105263157894737,410.5263157894737
6,180,1,TRANS,INTACT,CHRIV_L10_2,A_to_D,2756,285,9.670175438596491,967.0175438596491
6,180,1,TRANS,INTACT,CHRIV_L12_2,A_to_D,1030,285,3.6140350877192984,361.4035087719298
6,180,1,TRANS,INTACT,CHRIV_L13,A_to_D,787,285,2.76140350877193,276.140350877193
6,180,1,TRANS,INTACT,CHRIV_L15_2,A_to_D,970,285,3.4035087719298245,340.35087719298247
6,180,1,TRANS,INTACT,CHRIV_L15_2,C_to_B,5,81,0.06172839506172839,6.172839506172839
6,180,1,TRANS,INTACT,CHRVII_990K,A_to_D,859,285,3.0140350877192983,301.4035087719298
6,180,1,TRANS,INTACT,CHRVII_L03,A_to_D,1002,285,3.5157894736842104,351.57894736842104
6,180,1,TRANS,INTACT,CHRVII_L03,C_to_B,3,81,0.037037037037037035,3.7037037037037037
6,180,1,TRANS,INTACT,CHRVII_L06,A_to_D,1103,285,3.8701754385964913,387.0175438596491
6,180,1,TRANS,INTACT,CHRVII_L09,A_to_D,482,285,1.6912280701754385,169.12280701754386
6,180,1,TRANS,INTACT,CHRVII_L09,C_to_B,1,81,0.012345679012345678,1.2345679012345678
6,180,1,TRANS,INTACT,CHRXII_L01,A_to_D,888,285,3.1157894736842104,311.57894736842104
6,180,1,TRANS,INTACT,CHRXII_L01,C_to_B,2,81,0.024691358024691357,2.4691358024691357
6,180,1,TRANS,INTACT,CHRXII_L05,A_to_D,2517,285,8.83157894736842,883.1578947368421
6,180,1,TRANS,INTACT,CHRXII_L07,A_to_D,1744,285,6.1192982456140355,611.9298245614035
6,180,1,TRANS,INTACT,CHRXII_L07,C_to_B,1,81,0.012345679012345678,1.2345679012345678
6,180,1,TRANS,INTACT,CHRXII_L12,A_to_D,513,285,1.8,180
6,180,1,TRANS,INTACT,CHRXV_L01,A_to_D,2509,285,8.803508771929824,880.3508771929825
6,180,1,TRANS,INTACT,CHRXV_L15,A_to_D,651,285,2.2842105263157895,228.42105263157896
6,180,1,TRANS,INTACT,CHRXV_L15,C_to_B,1,81,0.012345679012345678,1.2345679012345678
6,180,1,TRANS,INTACT,CHRXV_L17_2,A_to_D,1125,285,3.9473684210526314,394.7368421052632
6,180,1,TRANS,INTACT,CHRXV_L18_1PERCENT_CONTROL,A_to_D,26,285,0.0912280701754386,9.12280701754386
6,180,1,TRANS,INTACT,CHRXV_L18_1PERCENT_CONTROL,C_to_B,1,81,0.012345679012345678,1.2345679012345678
6,180,1,TRANS,INTACT,COMMON,A_to_D,7,285,0.02456140350877193,2.456140350877193
6,180,1,TRANS,INTACT,COMMON,C_to_B,14469,81,178.62962962962962,17862.962962962964
6,180,1,TRANS,INTACT,NO_CUT,A_to_D,285,285,1,100
6,180,1,TRANS,INTACT,NO_CUT,C_to_B,81,81,1,100
6,180,1,TRANS,SSA,CHRIII_L02,A_to_D,2549,651,3.9155145929339477,391.55145929339477
6,180,1,TRANS,SSA,CHRIII_L02,C_to_B,5,130,0.038461538461538464,3.8461538461538463
6,180,1,TRANS,SSA,CHRIII_L03,A_to_D,7997,651,12.284178187403993,1228.4178187403993
6,180,1,TRANS,SSA,CHRIII_L04,A_to_D,14606,651,22.43625192012289,2243.6251920122886
6,180,1,TRANS,SSA,CHRIII_L04,C_to_B,5,130,0.038461538461538464,3.8461538461538463
6,180,1,TRANS,SSA,CHRIV_L01,A_to_D,3885,651,5.967741935483871,596.7741935483871
6,180,1,TRANS,SSA,CHRIV_L01,C_to_B,1,130,0.007692307692307693,0.7692307692307693
6,180,1,TRANS,SSA,CHRIV_L03,A_to_D,4019,651,6.17357910906298,617.357910906298
6,180,1,TRANS,SSA,CHRIV_L03,C_to_B,6,130,0.046153846153846156,4.615384615384615
6,180,1,TRANS,SSA,CHRIV_L06_2,A_to_D,5980,651,9.185867895545314,918.5867895545315
6,180,1,TRANS,SSA,CHRIV_L06_2,C_to_B,1,130,0.007692307692307693,0.7692307692307693
6,180,1,TRANS,SSA,CHRIV_L10_2,A_to_D,15870,651,24.377880184331797,2437.78801843318
6,180,1,TRANS,SSA,CHRIV_L10_2,C_to_B,1,130,0.007692307692307693,0.7692307692307693
6,180,1,TRANS,SSA,CHRIV_L12_2,A_to_D,4962,651,7.622119815668203,762.2119815668203
6,180,1,TRANS,SSA,CHRIV_L12_2,C_to_B,1,130,0.007692307692307693,0.7692307692307693
6,180,1,TRANS,SSA,CHRIV_L13,A_to_D,3888,651,5.972350230414746,597.2350230414746
6,180,1,TRANS,SSA,CHRIV_L13,C_to_B,1,130,0.007692307692307693,0.7692307692307693
6,180,1,TRANS,SSA,CHRIV_L15_2,A_to_D,4255,651,6.536098310291859,653.6098310291859
6,180,1,TRANS,SSA,CHRIV_L15_2,C_to_B,8,130,0.06153846153846154,6.153846153846154
6,180,1,TRANS,SSA,CHRVII_990K,A_to_D,4048,651,6.218125960061444,621.8125960061444
6,180,1,TRANS,SSA,CHRVII_L03,A_to_D,4951,651,7.605222734254992,760.5222734254992
6,180,1,TRANS,SSA,CHRVII_L03,C_to_B,6,130,0.046153846153846156,4.615384615384615
6,180,1,TRANS,SSA,CHRVII_L06,A_to_D,5126,651,7.874039938556067,787.4039938556068
6,180,1,TRANS,SSA,CHRVII_L09,A_to_D,2331,651,3.5806451612903225,358.06451612903226
6,180,1,TRANS,SSA,CHRVII_L09,C_to_B,2,130,0.015384615384615385,1.5384615384615385
6,180,1,TRANS,SSA,CHRXII_L01,A_to_D,3995,651,6.136712749615976,613.6712749615975
6,180,1,TRANS,SSA,CHRXII_L01,C_to_B,13,130,0.1,10
6,180,1,TRANS,SSA,CHRXII_L05,A_to_D,13382,651,20.556067588325654,2055.6067588325654
6,180,1,TRANS,SSA,CHRXII_L07,A_to_D,9125,651,14.01689708141321,1401.689708141321
6,180,1,TRANS,SSA,CHRXII_L07,C_to_B,1,130,0.007692307692307693,0.7692307692307693
6,180,1,TRANS,SSA,CHRXII_L12,A_to_D,2378,651,3.6528417818740397,365.284178187404
6,180,1,TRANS,SSA,CHRXII_L12,C_to_B,2,130,0.015384615384615385,1.5384615384615385
6,180,1,TRANS,SSA,CHRXV_L01,A_to_D,12888,651,19.797235023041473,1979.7235023041474
6,180,1,TRANS,SSA,CHRXV_L04,A_to_D,7,651,0.010752688172043012,1.075268817204301
6,180,1,TRANS,SSA,CHRXV_L15,A_to_D,3142,651,4.82642089093702,482.642089093702
6,180,1,TRANS,SSA,CHRXV_L15,C_to_B,1,130,0.007692307692307693,0.7692307692307693
6,180,1,TRANS,SSA,CHRXV_L17_2,A_to_D,5011,651,7.697388632872504,769.7388632872504
6,180,1,TRANS,SSA,CHRXV_L18_1PERCENT_CONTROL,A_to_D,51,651,0.07834101382488479,7.8341013824884795
6,180,1,TRANS,SSA,COMMON,A_to_D,17,651,0.026113671274961597,2.61136712749616
6,180,1,TRANS,SSA,COMMON,C_to_B,52528,130,404.0615384615385,40406.153846153844
6,180,1,TRANS,SSA,NO_CUT,A_to_D,651,651,1,100
6,180,1,TRANS,SSA,NO_CUT,C_to_B,130,130,1,100
8,0,1,DSB1,INTACT,CHRIII_L02,A_to_B,15921,13469,1.182047665008538,118.20476650085381
8,0,1,DSB1,INTACT,CHRIII_L03,A_to_B,24378,13469,1.8099339223401887,180.99339223401887
8,0,1,DSB1,INTACT,CHRIII_L04,A_to_B,22672,13469,1.6832727002747048,168.3272700274705
8,0,1,DSB1,INTACT,CHRIV_L01,A_to_B,20350,13469,1.510876828272329,151.0876828272329
8,0,1,DSB1,INTACT,CHRIV_L03,A_to_B,24110,13469,1.790036379835177,179.0036379835177
8,0,1,DSB1,INTACT,CHRIV_L06_2,A_to_B,18022,13469,1.338035488900438,133.8035488900438
8,0,1,DSB1,INTACT,CHRIV_L10_2,A_to_B,18466,13469,1.3710000742445616,137.10000742445615
8,0,1,DSB1,INTACT,CHRIV_L12_2,A_to_B,14301,13469,1.0617714752394387,106.17714752394387
8,0,1,DSB1,INTACT,CHRIV_L13,A_to_B,15536,13469,1.1534635087979805,115.34635087979805
8,0,1,DSB1,INTACT,CHRIV_L15_2,A_to_B,16593,13469,1.2319400103942386,123.19400103942387
8,0,1,DSB1,INTACT,CHRVII_990K,A_to_B,19433,13469,1.442794565298092,144.27945652980918
8,0,1,DSB1,INTACT,CHRVII_L03,A_to_B,18266,13469,1.3561511619273887,135.6151161927389
8,0,1,DSB1,INTACT,CHRVII_L06,A_to_B,26674,13469,1.980399435741332,198.0399435741332
8,0,1,DSB1,INTACT,CHRVII_L09,A_to_B,29785,13469,2.2113742668349543,221.13742668349542
8,0,1,DSB1,INTACT,CHRXII_L01,A_to_B,21286,13469,1.5803697379166977,158.03697379166977
8,0,1,DSB1,INTACT,CHRXII_L05,A_to_B,14419,13469,1.0705323335065706,107.05323335065707
8,0,1,DSB1,INTACT,CHRXII_L07,A_to_B,15825,13469,1.174920187096295,117.49201870962952
8,0,1,DSB1,INTACT,CHRXII_L12,A_to_B,32470,13469,2.4107209146929987,241.07209146929986
8,0,1,DSB1,INTACT,CHRXV_L01,A_to_B,48231,13469,3.5808894498477986,358.08894498477986
8,0,1,DSB1,INTACT,CHRXV_L04,A_to_B,30,13469,0.002227336847575915,0.2227336847575915
8,0,1,DSB1,INTACT,CHRXV_L15,A_to_B,14443,13469,1.0723142029846313,107.23142029846314
8,0,1,DSB1,INTACT,CHRXV_L17_2,A_to_B,12778,13469,0.9486970079441681,94.86970079441681
8,0,1,DSB1,INTACT,CHRXV_L18_1PERCENT_CONTROL,A_to_B,2079,13469,0.15435444353701092,15.435444353701092
8,0,1,DSB1,INTACT,COMMON,A_to_B,59,13469,0.004380429133565966,0.4380429133565966
8,0,1,DSB1,INTACT,NO_CUT,A_to_B,13469,13469,1,100
8,0,1,DSB1,SSA,CHRIII_L02,A_to_B,576,8035,0.0716863721219664,7.168637212196639
8,0,1,DSB1,SSA,CHRIII_L03,A_to_B,845,8035,0.10516490354698195,10.516490354698195
8,0,1,DSB1,SSA,CHRIII_L04,A_to_B,802,8035,0.09981331673926572,9.98133167392657
8,0,1,DSB1,SSA,CHRIV_L01,A_to_B,734,8035,0.09135034225264468,9.135034225264468
8,0,1,DSB1,SSA,CHRIV_L03,A_to_B,863,8035,0.10740510267579341,10.74051026757934
8,0,1,DSB1,SSA,CHRIV_L06_2,A_to_B,666,8035,0.08288736776602365,8.288736776602365
8,0,1,DSB1,SSA,CHRIV_L10_2,A_to_B,707,8035,0.08799004355942751,8.79900435594275
8,0,1,DSB1,SSA,CHRIV_L12_2,A_to_B,472,8035,0.05874299937772246,5.874299937772246
8,0,1,DSB1,SSA,CHRIV_L13,A_to_B,578,8035,0.07193528313627878,7.193528313627878
8,0,1,DSB1,SSA,CHRIV_L15_2,A_to_B,590,8035,0.07342874922215308,7.342874922215308
8,0,1,DSB1,SSA,CHRVII_990K,A_to_B,745,8035,0.09271935283136279,9.271935283136278
8,0,1,DSB1,SSA,CHRVII_L03,A_to_B,662,8035,0.08238954573739889,8.238954573739887
8,0,1,DSB1,SSA,CHRVII_L06,A_to_B,965,8035,0.12009956440572496,12.009956440572495
8,0,1,DSB1,SSA,CHRVII_L09,A_to_B,1118,8035,0.13914125700062227,13.914125700062227
8,0,1,DSB1,SSA,CHRXII_L01,A_to_B,750,8035,0.09334163036714374,9.334163036714374
8,0,1,DSB1,SSA,CHRXII_L05,A_to_B,510,8035,0.06347230864965775,6.347230864965775
8,0,1,DSB1,SSA,CHRXII_L07,A_to_B,568,8035,0.07069072806471687,7.069072806471686
8,0,1,DSB1,SSA,CHRXII_L12,A_to_B,1186,8035,0.1476042314872433,14.760423148724332
8,0,1,DSB1,SSA,CHRXV_L01,A_to_B,1681,8035,0.20920970752955817,20.920970752955817
8,0,1,DSB1,SSA,CHRXV_L04,A_to_B,2,8035,2.489110143123833e-4,0.024891101431238332
8,0,1,DSB1,SSA,CHRXV_L15,A_to_B,527,8035,0.06558805227131301,6.558805227131301
8,0,1,DSB1,SSA,CHRXV_L17_2,A_to_B,464,8035,0.05774735532047293,5.774735532047293
8,0,1,DSB1,SSA,CHRXV_L18_1PERCENT_CONTROL,A_to_B,81,8035,0.010080896079651524,1.0080896079651525
8,0,1,DSB1,SSA,COMMON,A_to_B,1,8035,1.2445550715619165e-4,0.012445550715619166
8,0,1,DSB1,SSA,NO_CUT,A_to_B,8035,8035,1,100
8,0,1,DSB2,INTACT,CHRIII_L02,C_to_D,25,3550,0.007042253521126761,0.704225352112676
8,0,1,DSB2,INTACT,CHRIII_L03,C_to_D,333,3550,0.09380281690140845,9.380281690140846
8,0,1,DSB2,INTACT,CHRIII_L04,C_to_D,46,3550,0.012957746478873239,1.295774647887324
8,0,1,DSB2,INTACT,CHRIV_L01,C_to_D,31,3550,0.008732394366197183,0.8732394366197183
8,0,1,DSB2,INTACT,CHRIV_L03,C_to_D,33,3550,0.009295774647887323,0.9295774647887324
8,0,1,DSB2,INTACT,CHRIV_L06_2,C_to_D,59,3550,0.016619718309859154,1.6619718309859155
8,0,1,DSB2,INTACT,CHRIV_L10_2,C_to_D,7,3550,0.001971830985915493,0.19718309859154928
8,0,1,DSB2,INTACT,CHRIV_L12_2,C_to_D,296,3550,0.08338028169014085,8.338028169014084
8,0,1,DSB2,INTACT,CHRIV_L13,C_to_D,15,3550,0.004225352112676056,0.4225352112676056
8,0,1,DSB2,INTACT,CHRIV_L15_2,C_to_D,87,3550,0.024507042253521127,2.4507042253521125
8,0,1,DSB2,INTACT,CHRVII_990K,C_to_D,48,3550,0.013521126760563381,1.352112676056338
8,0,1,DSB2,INTACT,CHRVII_L03,C_to_D,188,3550,0.05295774647887324,5.295774647887324
8,0,1,DSB2,INTACT,CHRVII_L06,C_to_D,83,3550,0.023380281690140847,2.3380281690140845
8,0,1,DSB2,INTACT,CHRVII_L09,C_to_D,12,3550,0.0033802816901408453,0.3380281690140845
8,0,1,DSB2,INTACT,CHRXII_L01,C_to_D,1,3550,2.8169014084507044e-4,0.028169014084507043
8,0,1,DSB2,INTACT,CHRXII_L05,C_to_D,51,3550,0.01436619718309859,1.4366197183098592
8,0,1,DSB2,INTACT,CHRXII_L07,C_to_D,96,3550,0.027042253521126762,2.704225352112676
8,0,1,DSB2,INTACT,CHRXII_L12,C_to_D,27,3550,0.007605633802816901,0.7605633802816901
8,0,1,DSB2,INTACT,CHRXV_L01,C_to_D,7,3550,0.001971830985915493,0.19718309859154928
8,0,1,DSB2,INTACT,CHRXV_L04,C_to_D,95,3550,0.02676056338028169,2.676056338028169
8,0,1,DSB2,INTACT,CHRXV_L15,C_to_D,38,3550,0.010704225352112675,1.0704225352112675
8,0,1,DSB2,INTACT,CHRXV_L17_2,C_to_D,30,3550,0.008450704225352112,0.8450704225352113
8,0,1,DSB2,INTACT,CHRXV_L18_1PERCENT_CONTROL,C_to_D,5,3550,0.0014084507042253522,0.14084507042253522
8,0,1,DSB2,INTACT,COMMON,C_to_D,1044235,3550,294.1507042253521,29415.070422535213
8,0,1,DSB2,INTACT,NO_CUT,C_to_D,3550,3550,1,100
8,0,1,DSB2,SSA,CHRIII_L02,C_to_D,1,1624,6.157635467980296e-4,0.06157635467980296
8,0,1,DSB2,SSA,CHRIII_L03,C_to_D,2,1624,0.0012315270935960591,0.12315270935960591
8,0,1,DSB2,SSA,CHRIII_L04,C_to_D,2,1624,0.0012315270935960591,0.12315270935960591
8,0,1,DSB2,SSA,CHRIV_L06_2,C_to_D,1,1624,6.157635467980296e-4,0.06157635467980296
8,0,1,DSB2,SSA,CHRIV_L12_2,C_to_D,4,1624,0.0024630541871921183,0.24630541871921183
8,0,1,DSB2,SSA,CHRIV_L15_2,C_to_D,3,1624,0.0018472906403940886,0.18472906403940886
8,0,1,DSB2,SSA,CHRVII_L06,C_to_D,3,1624,0.0018472906403940886,0.18472906403940886
8,0,1,DSB2,SSA,CHRXV_L01,C_to_D,1,1624,6.157635467980296e-4,0.06157635467980296
8,0,1,DSB2,SSA,CHRXV_L04,C_to_D,1,1624,6.157635467980296e-4,0.06157635467980296
8,0,1,DSB2,SSA,COMMON,C_to_D,6435,1624,3.9624384236453203,396.24384236453204
8,0,1,DSB2,SSA,NO_CUT,C_to_D,1624,1624,1,100
8,0,1,TRANS,INTACT,CHRIII_L02,A_to_D,26,65,0.4,40
8,0,1,TRANS,INTACT,CHRIII_L02,C_to_B,2,8,0.25,25
8,0,1,TRANS,INTACT,CHRIII_L03,A_to_D,15,65,0.23076923076923078,23.076923076923077
8,0,1,TRANS,INTACT,CHRIII_L04,A_to_D,52,65,0.8,80
8,0,1,TRANS,INTACT,CHRIV_L01,A_to_D,28,65,0.4307692307692308,43.07692307692308
8,0,1,TRANS,INTACT,CHRIV_L03,A_to_D,27,65,0.4153846153846154,41.53846153846154
8,0,1,TRANS,INTACT,CHRIV_L06_2,A_to_D,30,65,0.46153846153846156,46.15384615384615
8,0,1,TRANS,INTACT,CHRIV_L10_2,A_to_D,34,65,0.5230769230769231,52.30769230769231
8,0,1,TRANS,INTACT,CHRIV_L12_2,A_to_D,39,65,0.6,60
8,0,1,TRANS,INTACT,CHRIV_L13,A_to_D,12,65,0.18461538461538463,18.46153846153846
8,0,1,TRANS,INTACT,CHRIV_L15_2,A_to_D,20,65,0.3076923076923077,30.76923076923077
8,0,1,TRANS,INTACT,CHRIV_L15_2,C_to_B,2,8,0.25,25
8,0,1,TRANS,INTACT,CHRVII_990K,A_to_D,17,65,0.26153846153846155,26.153846153846153
8,0,1,TRANS,INTACT,CHRVII_L03,A_to_D,17,65,0.26153846153846155,26.153846153846153
8,0,1,TRANS,INTACT,CHRVII_L06,A_to_D,32,65,0.49230769230769234,49.23076923076923
8,0,1,TRANS,INTACT,CHRVII_L09,A_to_D,29,65,0.4461538461538462,44.61538461538461
8,0,1,TRANS,INTACT,CHRXII_L01,A_to_D,18,65,0.27692307692307694,27.692307692307693
8,0,1,TRANS,INTACT,CHRXII_L05,A_to_D,24,65,0.36923076923076925,36.92307692307692
8,0,1,TRANS,INTACT,CHRXII_L07,A_to_D,32,65,0.49230769230769234,49.23076923076923
8,0,1,TRANS,INTACT,CHRXII_L12,A_to_D,36,65,0.5538461538461539,55.38461538461539
8,0,1,TRANS,INTACT,CHRXV_L01,A_to_D,46,65,0.7076923076923077,70.76923076923077
8,0,1,TRANS,INTACT,CHRXV_L15,A_to_D,16,65,0.24615384615384617,24.615384615384617
8,0,1,TRANS,INTACT,CHRXV_L17_2,A_to_D,27,65,0.4153846153846154,41.53846153846154
8,0,1,TRANS,INTACT,CHRXV_L18_1PERCENT_CONTROL,A_to_D,4,65,0.06153846153846154,6.153846153846154
8,0,1,TRANS,INTACT,COMMON,C_to_B,422,8,52.75,5275
8,0,1,TRANS,INTACT,NO_CUT,A_to_D,65,65,1,100
8,0,1,TRANS,INTACT,NO_CUT,C_to_B,8,8,1,100
8,0,1,TRANS,SSA,CHRIII_L02,A_to_D,4,17,0.23529411764705882,23.529411764705884
8,0,1,TRANS,SSA,CHRIII_L02,C_to_B,1,3,0.3333333333333333,33.333333333333336
8,0,1,TRANS,SSA,CHRIII_L04,A_to_D,4,17,0.23529411764705882,23.529411764705884
8,0,1,TRANS,SSA,CHRIV_L01,A_to_D,3,17,0.17647058823529413,17.647058823529413
8,0,1,TRANS,SSA,CHRIV_L03,A_to_D,5,17,0.29411764705882354,29.41176470588235
8,0,1,TRANS,SSA,CHRIV_L06_2,A_to_D,4,17,0.23529411764705882,23.529411764705884
8,0,1,TRANS,SSA,CHRIV_L12_2,A_to_D,6,17,0.35294117647058826,35.294117647058826
8,0,1,TRANS,SSA,CHRIV_L13,A_to_D,3,17,0.17647058823529413,17.647058823529413
8,0,1,TRANS,SSA,CHRIV_L15_2,A_to_D,2,17,0.11764705882352941,11.764705882352942
8,0,1,TRANS,SSA,CHRVII_990K,A_to_D,2,17,0.11764705882352941,11.764705882352942
8,0,1,TRANS,SSA,CHRVII_L03,A_to_D,3,17,0.17647058823529413,17.647058823529413
8,0,1,TRANS,SSA,CHRVII_L06,A_to_D,11,17,0.6470588235294118,64.70588235294117
8,0,1,TRANS,SSA,CHRVII_L09,A_to_D,2,17,0.11764705882352941,11.764705882352942
8,0,1,TRANS,SSA,CHRXII_L01,A_to_D,1,17,0.058823529411764705,5.882352941176471
8,0,1,TRANS,SSA,CHRXII_L05,A_to_D,6,17,0.35294117647058826,35.294117647058826
8,0,1,TRANS,SSA,CHRXII_L07,A_to_D,6,17,0.35294117647058826,35.294117647058826
8,0,1,TRANS,SSA,CHRXII_L12,A_to_D,11,17,0.6470588235294118,64.70588235294117
8,0,1,TRANS,SSA,CHRXV_L01,A_to_D,3,17,0.17647058823529413,17.647058823529413
8,0,1,TRANS,SSA,CHRXV_L15,A_to_D,2,17,0.11764705882352941,11.764705882352942
8,0,1,TRANS,SSA,CHRXV_L17_2,A_to_D,8,17,0.47058823529411764,47.05882352941177
8,0,1,TRANS,SSA,COMMON,C_to_B,97,3,32.333333333333336,3233.3333333333335
8,0,1,TRANS,SSA,NO_CUT,A_to_D,17,17,1,100
8,0,1,TRANS,SSA,NO_CUT,C_to_B,3,3,1,100
8,180,1,DSB1,INTACT,CHRIII_L02,A_to_B,4458,11814,0.3773489080751651,37.73489080751651
8,180,1,DSB1,INTACT,CHRIII_L03,A_to_B,17067,11814,1.4446419502285424,144.46419502285423
8,180,1,DSB1,INTACT,CHRIII_L04,A_to_B,17488,11814,1.4802776367022177,148.02776367022176
8,180,1,DSB1,INTACT,CHRIV_L01,A_to_B,6459,11814,0.5467242254951752,54.67242254951752
8,180,1,DSB1,INTACT,CHRIV_L03,A_to_B,14814,11814,1.2539360081259523,125.39360081259522
8,180,1,DSB1,INTACT,CHRIV_L06_2,A_to_B,9638,11814,0.8158117487726426,81.58117487726426
8,180,1,DSB1,INTACT,CHRIV_L10_2,A_to_B,7560,11814,0.6399187404773997,63.99187404773997
8,180,1,DSB1,INTACT,CHRIV_L12_2,A_to_B,8425,11814,0.713136956153716,71.3136956153716
8,180,1,DSB1,INTACT,CHRIV_L13,A_to_B,6711,11814,0.5680548501777553,56.80548501777552
8,180,1,DSB1,INTACT,CHRIV_L15_2,A_to_B,5442,11814,0.4606399187404774,46.06399187404774
8,180,1,DSB1,INTACT,CHRVII_990K,A_to_B,4919,11814,0.4163704079905197,41.637040799051974
8,180,1,DSB1,INTACT,CHRVII_L03,A_to_B,3982,11814,0.3370577281191806,33.70577281191807
8,180,1,DSB1,INTACT,CHRVII_L06,A_to_B,17018,11814,1.4404943287624852,144.04943287624852
8,180,1,DSB1,INTACT,CHRVII_L09,A_to_B,10134,11814,0.8577958354494667,85.77958354494668
8,180,1,DSB1,INTACT,CHRXII_L01,A_to_B,6259,11814,0.5297951582867784,52.97951582867784
8,180,1,DSB1,INTACT,CHRXII_L05,A_to_B,6652,11814,0.5630607753512782,56.30607753512781
8,180,1,DSB1,INTACT,CHRXII_L07,A_to_B,9162,11814,0.7755205688166582,77.55205688166582
8,180,1,DSB1,INTACT,CHRXII_L12,A_to_B,25576,11814,2.164889114609785,216.4889114609785
8,180,1,DSB1,INTACT,CHRXV_L01,A_to_B,19659,11814,1.664042661249365,166.40426612493653
8,180,1,DSB1,INTACT,CHRXV_L04,A_to_B,11,11814,9.31098696461825e-4,0.0931098696461825
8,180,1,DSB1,INTACT,CHRXV_L15,A_to_B,10683,11814,0.904266124936516,90.4266124936516
8,180,1,DSB1,INTACT,CHRXV_L17_2,A_to_B,9245,11814,0.7825461317081429,78.2546131708143
8,180,1,DSB1,INTACT,CHRXV_L18_1PERCENT_CONTROL,A_to_B,1318,11814,0.11156255290333503,11.156255290333503
8,180,1,DSB1,INTACT,COMMON,A_to_B,24,11814,0.002031488065007618,0.2031488065007618
8,180,1,DSB1,INTACT,NO_CUT,A_to_B,11814,11814,1,100
8,180,1,DSB1,SSA,CHRIII_L02,A_to_B,25254,127246,0.1984659635666347,19.846596356663472
8,180,1,DSB1,SSA,CHRIII_L03,A_to_B,81255,127246,0.6385662417679141,63.856624176791414
8,180,1,DSB1,SSA,CHRIII_L04,A_to_B,53064,127246,0.4170190025619666,41.70190025619666
8,180,1,DSB1,SSA,CHRIV_L01,A_to_B,41666,127246,0.32744447762601575,32.744447762601574
8,180,1,DSB1,SSA,CHRIV_L03,A_to_B,77241,127246,0.6070210458481996,60.702104584819956
8,180,1,DSB1,SSA,CHRIV_L06_2,A_to_B,53336,127246,0.41915659431337726,41.91565943133772
8,180,1,DSB1,SSA,CHRIV_L10_2,A_to_B,35991,127246,0.2828458261949295,28.28458261949295
8,180,1,DSB1,SSA,CHRIV_L12_2,A_to_B,33400,127246,0.2624836930041023,26.24836930041023
8,180,1,DSB1,SSA,CHRIV_L13,A_to_B,32377,127246,0.2544441475567012,25.44441475567012
8,180,1,DSB1,SSA,CHRIV_L15_2,A_to_B,33552,127246,0.26367822957106707,26.367822957106707
8,180,1,DSB1,SSA,CHRVII_990K,A_to_B,26341,127246,0.2070084717790736,20.70084717790736
8,180,1,DSB1,SSA,CHRVII_L03,A_to_B,24310,127246,0.19104726278232714,19.104726278232715
8,180,1,DSB1,SSA,CHRVII_L06,A_to_B,95233,127246,0.7484164531694513,74.84164531694513
8,180,1,DSB1,SSA,CHRVII_L09,A_to_B,63017,127246,0.49523757131854834,49.52375713185483
8,180,1,DSB1,SSA,CHRXII_L01,A_to_B,39101,127246,0.3072866730584851,30.728667305848514
8,180,1,DSB1,SSA,CHRXII_L05,A_to_B,24443,127246,0.19209248227842132,19.20924822784213
8,180,1,DSB1,SSA,CHRXII_L07,A_to_B,36781,127246,0.2890542728258649,28.905427282586487
8,180,1,DSB1,SSA,CHRXII_L12,A_to_B,114316,127246,0.8983858038759568,89.83858038759568
8,180,1,DSB1,SSA,CHRXV_L01,A_to_B,164758,127246,1.294799050657781,129.4799050657781
8,180,1,DSB1,SSA,CHRXV_L04,A_to_B,63,127246,4.951039718340852e-4,0.049510397183408515
8,180,1,DSB1,SSA,CHRXV_L15,A_to_B,31676,127246,0.24893513352089652,24.893513352089652
8,180,1,DSB1,SSA,CHRXV_L17_2,A_to_B,53538,127246,0.4207440705405278,42.07440705405278
8,180,1,DSB1,SSA,CHRXV_L18_1PERCENT_CONTROL,A_to_B,9409,127246,0.07394338525376043,7.394338525376043
8,180,1,DSB1,SSA,COMMON,A_to_B,85,127246,6.679974223158292e-4,0.06679974223158291
8,180,1,DSB1,SSA,NO_CUT,A_to_B,127246,127246,1,100
8,180,1,DSB2,INTACT,CHRIII_L02,C_to_D,31,5283,0.005867878099564641,0.5867878099564642
8,180,1,DSB2,INTACT,CHRIII_L03,C_to_D,147,5283,0.027825099375354913,2.782509937535491
8,180,1,DSB2,INTACT,CHRIII_L04,C_to_D,25,5283,0.00473215975771342,0.47321597577134206
8,180,1,DSB2,INTACT,CHRIV_L01,C_to_D,22,5283,0.00416430058678781,0.416430058678781
8,180,1,DSB2,INTACT,CHRIV_L03,C_to_D,14,5283,0.0026500094643195156,0.26500094643195155
8,180,1,DSB2,INTACT,CHRIV_L06_2,C_to_D,24,5283,0.004542873367404884,0.4542873367404884
8,180,1,DSB2,INTACT,CHRIV_L10_2,C_to_D,4,5283,7.571455612341472e-4,0.07571455612341473
8,180,1,DSB2,INTACT,CHRIV_L12_2,C_to_D,128,5283,0.02422865795949271,2.422865795949271
8,180,1,DSB2,INTACT,CHRIV_L13,C_to_D,8,5283,0.0015142911224682945,0.15142911224682945
8,180,1,DSB2,INTACT,CHRIV_L15_2,C_to_D,63,5283,0.01192504258943782,1.192504258943782
8,180,1,DSB2,INTACT,CHRVII_990K,C_to_D,13,5283,0.0024607230740109785,0.24607230740109787
8,180,1,DSB2,INTACT,CHRVII_L03,C_to_D,76,5283,0.014385765663448798,1.4385765663448797
8,180,1,DSB2,INTACT,CHRVII_L06,C_to_D,21,5283,0.003975014196479273,0.3975014196479273
8,180,1,DSB2,INTACT,CHRVII_L09,C_to_D,7,5283,0.0013250047321597578,0.13250047321597577
8,180,1,DSB2,INTACT,CHRXII_L01,C_to_D,1,5283,1.892863903085368e-4,0.01892863903085368
8,180,1,DSB2,INTACT,CHRXII_L05,C_to_D,33,5283,0.006246450880181715,0.6246450880181715
8,180,1,DSB2,INTACT,CHRXII_L07,C_to_D,30,5283,0.0056785917092561046,0.5678591709256104
8,180,1,DSB2,INTACT,CHRXII_L12,C_to_D,14,5283,0.0026500094643195156,0.26500094643195155
8,180,1,DSB2,INTACT,CHRXV_L01,C_to_D,1,5283,1.892863903085368e-4,0.01892863903085368
8,180,1,DSB2,INTACT,CHRXV_L04,C_to_D,56,5283,0.010600037857278062,1.0600037857278062
8,180,1,DSB2,INTACT,CHRXV_L15,C_to_D,16,5283,0.003028582244936589,0.3028582244936589
8,180,1,DSB2,INTACT,CHRXV_L17_2,C_to_D,4,5283,7.571455612341472e-4,0.07571455612341473
8,180,1,DSB2,INTACT,CHRXV_L18_1PERCENT_CONTROL,C_to_D,3,5283,5.678591709256105e-4,0.05678591709256105
8,180,1,DSB2,INTACT,COMMON,C_to_D,527722,5283,99.89059246640167,9989.059246640167
8,180,1,DSB2,INTACT,NO_CUT,C_to_D,5283,5283,1,100
8,180,1,DSB2,SSA,CHRIII_L02,C_to_D,68,34704,0.001959428307976026,0.19594283079760258
8,180,1,DSB2,SSA,CHRIII_L03,C_to_D,508,34704,0.014638082065467958,1.4638082065467957
8,180,1,DSB2,SSA,CHRIII_L04,C_to_D,105,34704,0.003025587828492393,0.30255878284923926
8,180,1,DSB2,SSA,CHRIV_L01,C_to_D,54,34704,0.0015560165975103733,0.15560165975103735
8,180,1,DSB2,SSA,CHRIV_L03,C_to_D,41,34704,0.001181420009220839,0.1181420009220839
8,180,1,DSB2,SSA,CHRIV_L06_2,C_to_D,91,34704,0.0026221761180267402,0.26221761180267406
8,180,1,DSB2,SSA,CHRIV_L10_2,C_to_D,14,34704,4.0341171046565235e-4,0.04034117104656524
8,180,1,DSB2,SSA,CHRIV_L12_2,C_to_D,365,34704,0.01051751959428308,1.051751959428308
8,180,1,DSB2,SSA,CHRIV_L13,C_to_D,34,34704,9.79714153988013e-4,0.09797141539880129
8,180,1,DSB2,SSA,CHRIV_L15_2,C_to_D,148,34704,0.0042646380820654676,0.4264638082065468
8,180,1,DSB2,SSA,CHRVII_990K,C_to_D,59,34704,0.0017000922083909636,0.17000922083909636
8,180,1,DSB2,SSA,CHRVII_L03,C_to_D,297,34704,0.008558091286307055,0.8558091286307054
8,180,1,DSB2,SSA,CHRVII_L06,C_to_D,87,34704,0.0025069156293222685,0.25069156293222683
8,180,1,DSB2,SSA,CHRVII_L09,C_to_D,12,34704,3.4578146611341634e-4,0.034578146611341634
8,180,1,DSB2,SSA,CHRXII_L01,C_to_D,1,34704,2.8815122176118026e-5,0.002881512217611803
8,180,1,DSB2,SSA,CHRXII_L05,C_to_D,98,34704,0.0028238819732595666,0.28238819732595666
8,180,1,DSB2,SSA,CHRXII_L07,C_to_D,146,34704,0.004207007837713232,0.4207007837713232
8,180,1,DSB2,SSA,CHRXII_L12,C_to_D,68,34704,0.001959428307976026,0.19594283079760258
8,180,1,DSB2,SSA,CHRXV_L01,C_to_D,7,34704,2.0170585523282618e-4,0.02017058552328262
8,180,1,DSB2,SSA,CHRXV_L04,C_to_D,212,34704,0.006108805901337022,0.6108805901337022
8,180,1,DSB2,SSA,CHRXV_L15,C_to_D,87,34704,0.0025069156293222685,0.25069156293222683
8,180,1,DSB2,SSA,CHRXV_L17_2,C_to_D,16,34704,4.610419548178884e-4,0.046104195481788846
8,180,1,DSB2,SSA,CHRXV_L18_1PERCENT_CONTROL,C_to_D,33,34704,9.508990318118949e-4,0.09508990318118948
8,180,1,DSB2,SSA,COMMON,C_to_D,1155167,34704,33.28627823881973,3328.627823881973
8,180,1,DSB2,SSA,NO_CUT,C_to_D,34704,34704,1,100
8,180,1,TRANS,INTACT,CHRIII_L02,A_to_D,396,363,1.0909090909090908,109.0909090909091
8,180,1,TRANS,INTACT,CHRIII_L02,C_to_B,4,58,0.06896551724137931,6.896551724137931
8,180,1,TRANS,INTACT,CHRIII_L03,A_to_D,698,363,1.9228650137741048,192.28650137741047
8,180,1,TRANS,INTACT,CHRIII_L03,C_to_B,1,58,0.017241379310344827,1.7241379310344827
8,180,1,TRANS,INTACT,CHRIII_L04,A_to_D,1106,363,3.046831955922865,304.6831955922865
8,180,1,TRANS,INTACT,CHRIV_L01,A_to_D,946,363,2.606060606060606,260.6060606060606
8,180,1,TRANS,INTACT,CHRIV_L03,A_to_D,1529,363,4.212121212121212,421.2121212121212
8,180,1,TRANS,INTACT,CHRIV_L06_2,A_to_D,945,363,2.603305785123967,260.3305785123967
8,180,1,TRANS,INTACT,CHRIV_L10_2,A_to_D,709,363,1.953168044077135,195.3168044077135
8,180,1,TRANS,INTACT,CHRIV_L12_2,A_to_D,528,363,1.4545454545454546,145.45454545454547
8,180,1,TRANS,INTACT,CHRIV_L12_2,C_to_B,1,58,0.017241379310344827,1.7241379310344827
8,180,1,TRANS,INTACT,CHRIV_L13,A_to_D,697,363,1.9201101928374655,192.01101928374655
8,180,1,TRANS,INTACT,CHRIV_L15_2,A_to_D,689,363,1.8980716253443526,189.80716253443526
8,180,1,TRANS,INTACT,CHRIV_L15_2,C_to_B,4,58,0.06896551724137931,6.896551724137931
8,180,1,TRANS,INTACT,CHRVII_990K,A_to_D,579,363,1.5950413223140496,159.50413223140495
8,180,1,TRANS,INTACT,CHRVII_L03,A_to_D,443,363,1.2203856749311295,122.03856749311295
8,180,1,TRANS,INTACT,CHRVII_L03,C_to_B,1,58,0.017241379310344827,1.7241379310344827
8,180,1,TRANS,INTACT,CHRVII_L06,A_to_D,1815,363,5,500
8,180,1,TRANS,INTACT,CHRVII_L09,A_to_D,1691,363,4.658402203856749,465.8402203856749
8,180,1,TRANS,INTACT,CHRXII_L01,A_to_D,582,363,1.603305785123967,160.3305785123967
8,180,1,TRANS,INTACT,CHRXII_L05,A_to_D,495,363,1.3636363636363635,136.36363636363637
8,180,1,TRANS,INTACT,CHRXII_L07,A_to_D,506,363,1.393939393939394,139.3939393939394
8,180,1,TRANS,INTACT,CHRXII_L12,A_to_D,2855,363,7.865013774104683,786.5013774104683
8,180,1,TRANS,INTACT,CHRXV_L01,A_to_D,5302,363,14.606060606060606,1460.6060606060605
8,180,1,TRANS,INTACT,CHRXV_L04,A_to_D,3,363,0.008264462809917356,0.8264462809917356
8,180,1,TRANS,INTACT,CHRXV_L15,A_to_D,412,363,1.1349862258953167,113.49862258953168
8,180,1,TRANS,INTACT,CHRXV_L17_2,A_to_D,947,363,2.608815426997245,260.8815426997245
8,180,1,TRANS,INTACT,CHRXV_L18_1PERCENT_CONTROL,A_to_D,25,363,0.06887052341597796,6.887052341597796
8,180,1,TRANS,INTACT,COMMON,A_to_D,1,363,0.0027548209366391185,0.27548209366391185
8,180,1,TRANS,INTACT,COMMON,C_to_B,9081,58,156.56896551724137,15656.896551724138
8,180,1,TRANS,INTACT,NO_CUT,A_to_D,363,363,1,100
8,180,1,TRANS,INTACT,NO_CUT,C_to_B,58,58,1,100
8,180,1,TRANS,SSA,CHRIII_L02,A_to_D,2267,1284,1.7655763239875388,176.5576323987539
8,180,1,TRANS,SSA,CHRIII_L02,C_to_B,10,190,0.05263157894736842,5.2631578947368425
8,180,1,TRANS,SSA,CHRIII_L03,A_to_D,3719,1284,2.896417445482866,289.6417445482866
8,180,1,TRANS,SSA,CHRIII_L03,C_to_B,13,190,0.06842105263157895,6.842105263157895
8,180,1,TRANS,SSA,CHRIII_L04,A_to_D,5291,1284,4.120716510903427,412.0716510903427
8,180,1,TRANS,SSA,CHRIII_L04,C_to_B,1,190,0.005263157894736842,0.5263157894736842
8,180,1,TRANS,SSA,CHRIV_L01,A_to_D,6280,1284,4.890965732087228,489.09657320872276
8,180,1,TRANS,SSA,CHRIV_L03,A_to_D,10287,1284,8.011682242990654,801.1682242990654
8,180,1,TRANS,SSA,CHRIV_L03,C_to_B,1,190,0.005263157894736842,0.5263157894736842
8,180,1,TRANS,SSA,CHRIV_L06_2,A_to_D,6206,1284,4.833333333333333,483.3333333333333
8,180,1,TRANS,SSA,CHRIV_L06_2,C_to_B,2,190,0.010526315789473684,1.0526315789473684
8,180,1,TRANS,SSA,CHRIV_L10_2,A_to_D,3808,1284,2.965732087227414,296.5732087227414
8,180,1,TRANS,SSA,CHRIV_L10_2,C_to_B,1,190,0.005263157894736842,0.5263157894736842
8,180,1,TRANS,SSA,CHRIV_L12_2,A_to_D,2770,1284,2.1573208722741435,215.73208722741433
8,180,1,TRANS,SSA,CHRIV_L12_2,C_to_B,5,190,0.02631578947368421,2.6315789473684212
8,180,1,TRANS,SSA,CHRIV_L13,A_to_D,4615,1284,3.594236760124611,359.42367601246104
8,180,1,TRANS,SSA,CHRIV_L13,C_to_B,1,190,0.005263157894736842,0.5263157894736842
8,180,1,TRANS,SSA,CHRIV_L15_2,A_to_D,4400,1284,3.426791277258567,342.6791277258567
8,180,1,TRANS,SSA,CHRIV_L15_2,C_to_B,14,190,0.07368421052631578,7.368421052631579
8,180,1,TRANS,SSA,CHRVII_990K,A_to_D,3384,1284,2.635514018691589,263.5514018691589
8,180,1,TRANS,SSA,CHRVII_990K,C_to_B,1,190,0.005263157894736842,0.5263157894736842
8,180,1,TRANS,SSA,CHRVII_L03,A_to_D,3042,1284,2.369158878504673,236.9158878504673
8,180,1,TRANS,SSA,CHRVII_L03,C_to_B,9,190,0.04736842105263158,4.7368421052631575
8,180,1,TRANS,SSA,CHRVII_L06,A_to_D,11216,1284,8.735202492211839,873.5202492211838
8,180,1,TRANS,SSA,CHRVII_L06,C_to_B,2,190,0.010526315789473684,1.0526315789473684
8,180,1,TRANS,SSA,CHRVII_L09,A_to_D,11176,1284,8.70404984423676,870.4049844236761
8,180,1,TRANS,SSA,CHRXII_L01,A_to_D,3554,1284,2.7679127725856696,276.791277258567
8,180,1,TRANS,SSA,CHRXII_L05,A_to_D,2934,1284,2.2850467289719627,228.50467289719626
8,180,1,TRANS,SSA,CHRXII_L05,C_to_B,4,190,0.021052631578947368,2.1052631578947367
8,180,1,TRANS,SSA,CHRXII_L07,A_to_D,2263,1284,1.7624610591900312,176.24610591900313
8,180,1,TRANS,SSA,CHRXII_L07,C_to_B,2,190,0.010526315789473684,1.0526315789473684
8,180,1,TRANS,SSA,CHRXII_L12,A_to_D,19413,1284,15.119158878504672,1511.9158878504672
8,180,1,TRANS,SSA,CHRXII_L12,C_to_B,1,190,0.005263157894736842,0.5263157894736842
8,180,1,TRANS,SSA,CHRXV_L01,A_to_D,34978,1284,27.241433021806852,2724.143302180685
8,180,1,TRANS,SSA,CHRXV_L04,A_to_D,4,1284,0.003115264797507788,0.3115264797507788
8,180,1,TRANS,SSA,CHRXV_L04,C_to_B,1,190,0.005263157894736842,0.5263157894736842
8,180,1,TRANS,SSA,CHRXV_L15,A_to_D,2408,1284,1.8753894080996885,187.53894080996884
8,180,1,TRANS,SSA,CHRXV_L17_2,A_to_D,5158,1284,4.017133956386293,401.71339563862927
8,180,1,TRANS,SSA,CHRXV_L17_2,C_to_B,1,190,0.005263157894736842,0.5263157894736842
8,180,1,TRANS,SSA,CHRXV_L18_1PERCENT_CONTROL,A_to_D,122,1284,0.09501557632398754,9.501557632398754
8,180,1,TRANS,SSA,CHRXV_L18_1PERCENT_CONTROL,C_to_B,3,190,0.015789473684210527,1.5789473684210527
8,180,1,TRANS,SSA,COMMON,A_to_D,11,1284,0.008566978193146417,0.8566978193146417
8,180,1,TRANS,SSA,COMMON,C_to_B,70029,190,368.5736842105263,36857.36842105263
8,180,1,TRANS,SSA,NO_CUT,A_to_D,1284,1284,1,100
8,180,1,TRANS,SSA,NO_CUT,C_to_B,190,190,1,100
